id,name,name_ja,category,category_ja
1,master-ball,マスターボール,standard-balls,
2,ultra-ball,ハイパーボール,standard-balls,
3,great-ball,スーパーボール,standard-balls,
4,poke-ball,モンスターボール,standard-balls,
5,safari-ball,サファリボール,standard-balls,
6,net-ball,ネットボール,special-balls,
7,dive-ball,ダイブボール,special-balls,
8,nest-ball,ネストボール,special-balls,
9,repeat-ball,リピートボール,special-balls,
10,timer-ball,タイマーボール,special-balls,
11,luxury-ball,ゴージャスボール,special-balls,
12,premier-ball,プレミアボール,special-balls,
13,dusk-ball,ダークボール,special-balls,
14,heal-ball,ヒールボール,special-balls,
15,quick-ball,クイックボール,special-balls,
16,cherish-ball,プレシャスボール,special-balls,
17,potion,キズぐすり,healing,
18,antidote,どくけし,status-cures,
19,burn-heal,やけどなおし,status-cures,
20,ice-heal,こおりなおし,status-cures,
21,awakening,ねむけざまし,status-cures,
22,paralyze-heal,まひなおし,status-cures,
23,full-restore,かいふくのくすり,healing,
24,max-potion,まんたんのくすり,healing,
25,hyper-potion,すごいキズぐすり,healing,
26,super-potion,いいキズぐすり,healing,
27,full-heal,なんでもなおし,status-cures,
28,revive,げんきのかけら,revival,
29,max-revive,げんきのかたまり,revival,
30,fresh-water,おいしいみず,healing,
31,soda-pop,サイコソーダ,healing,
32,lemonade,ミックスオレ,healing,
33,moomoo-milk,モーモーミルク,healing,
34,energy-powder,ちからのこな,healing,
35,energy-root,ちからのねっこ,healing,
36,heal-powder,ばんのうごな,status-cures,
37,revival-herb,ふっかつそう,revival,
38,ether,ピーピーエイド,pp-recovery,
39,max-ether,ピーピーリカバー,pp-recovery,
40,elixir,ピーピーエイダー,pp-recovery,
41,max-elixir,ピーピーマックス,pp-recovery,
42,lava-cookie,フエンせんべい,status-cures,
43,berry-juice,きのみジュース,healing,
44,sacred-ash,せいなるはい,revival,
45,hp-up,マックスアップ,vitamins,
46,protein,タウリン,vitamins,
47,iron,ブロムヘキシン,vitamins,
48,carbos,インドメタシン,vitamins,
49,calcium,リゾチウム,vitamins,
50,rare-candy,ふしぎなアメ,vitamins,
51,pp-up,ポイントアップ,vitamins,
52,zinc,キトサン,vitamins,
53,pp-max,ポイントマックス,vitamins,
54,old-gateau,もりのヨウカン,status-cures,
55,guard-spec,エフェクトガード,stat-boosts,
56,dire-hit,クリティカット,stat-boosts,
57,x-attack,プラスパワー,stat-boosts,
58,x-defense,ディフェンダー,stat-boosts,
59,x-speed,スピーダー,stat-boosts,
60,x-accuracy,ヨクアタール,stat-boosts,
61,x-sp-atk,スペシャルアップ,stat-boosts,
62,x-sp-def,スペシャルガード,stat-boosts,
63,poke-doll,ピッピにんぎょう,spelunking,
64,fluffy-tail,エネコのシッポ,spelunking,
65,blue-flute,あおいビードロ,flutes,
66,yellow-flute,きいろビードロ,flutes,
67,red-flute,あかいビードロ,flutes,
68,black-flute,くろいビードロ,spelunking,
69,white-flute,しろいビードロ,spelunking,
70,shoal-salt,あさせのしお,collectibles,
71,shoal-shell,あさせのかいがら,collectibles,
72,red-shard,あかいかけら,collectibles,
73,blue-shard,あおいかけら,collectibles,
74,yellow-shard,きいろいかけら,collectibles,
75,green-shard,みどりのかけら,collectibles,
76,super-repel,シルバースプレー,spelunking,
77,max-repel,ゴールドスプレー,spelunking,
78,escape-rope,あなぬけのヒモ,spelunking,
79,repel,むしよけスプレー,spelunking,
80,sun-stone,たいようのいし,evolution,
81,moon-stone,つきのいし,evolution,
82,fire-stone,ほのおのいし,evolution,
83,thunder-stone,かみなりのいし,evolution,
84,water-stone,みずのいし,evolution,
85,leaf-stone,リーフのいし,evolution,
86,tiny-mushroom,ちいさなキノコ,loot,
87,big-mushroom,おおきなキノコ,loot,
88,pearl,しんじゅ,loot,
89,big-pearl,おおきなしんじゅ,loot,
90,stardust,ほしのすな,loot,
91,star-piece,ほしのかけら,loot,
92,nugget,きんのたま,loot,
93,heart-scale,ハートのウロコ,collectibles,
94,honey,あまいミツ,dex-completion,
95,growth-mulch,すくすくこやし,mulch,
96,damp-mulch,じめじめこやし,mulch,
97,stable-mulch,ながながこやし,mulch,
98,gooey-mulch,ねばねばこやし,mulch,
99,root-fossil,ねっこのカセキ,dex-completion,
100,claw-fossil,ツメのカセキ,dex-completion,
101,helix-fossil,かいのカセキ,dex-completion,
102,dome-fossil,こうらのカセキ,dex-completion,
103,old-amber,ひみつのコハク,dex-completion,
104,armor-fossil,たてのカセキ,dex-completion,
105,skull-fossil,ずがいのカセキ,dex-completion,
106,rare-bone,きちょうなホネ,loot,
107,shiny-stone,ひかりのいし,evolution,
108,dusk-stone,やみのいし,evolution,
109,dawn-stone,めざめいし,evolution,
110,oval-stone,まんまるいし,evolution,
111,odd-keystone,かなめいし,dex-completion,
112,adamant-orb,こんごうだま,species-specific,
113,lustrous-orb,しらたま,species-specific,
114,grass-mail,グラスメール,all-mail,
115,flame-mail,フレイムメール,all-mail,
116,bubble-mail,ブルーメール,all-mail,
117,bloom-mail,ブルームメール,all-mail,
118,tunnel-mail,トンネルメール,all-mail,
119,steel-mail,スチールメール,all-mail,
120,heart-mail,ラブラブメール,all-mail,
121,snow-mail,ブリザードメール,all-mail,
122,space-mail,スペースメール,all-mail,
123,air-mail,エアメール,all-mail,
124,mosaic-mail,モザイクメール,all-mail,
125,brick-mail,ブリックメール,all-mail,
126,cheri-berry,クラボのみ,medicine,
127,chesto-berry,カゴのみ,medicine,
128,pecha-berry,モモンのみ,medicine,
129,rawst-berry,チーゴのみ,medicine,
130,aspear-berry,ナナシのみ,medicine,
131,leppa-berry,ヒメリのみ,medicine,
132,oran-berry,オレンのみ,medicine,
133,persim-berry,キーのみ,medicine,
134,lum-berry,ラムのみ,medicine,
135,sitrus-berry,オボンのみ,medicine,
136,figy-berry,フィラのみ,picky-healing,
137,wiki-berry,ウイのみ,picky-healing,
138,mago-berry,マゴのみ,picky-healing,
139,aguav-berry,バンジのみ,picky-healing,
140,iapapa-berry,イアのみ,picky-healing,
141,razz-berry,ズリのみ,baking-only,
142,bluk-berry,ブリーのみ,baking-only,
143,nanab-berry,ナナのみ,baking-only,
144,wepear-berry,セシナのみ,baking-only,
145,pinap-berry,パイルのみ,baking-only,
146,pomeg-berry,ザロクのみ,effort-drop,
147,kelpsy-berry,ネコブのみ,effort-drop,
148,qualot-berry,タポルのみ,effort-drop,
149,hondew-berry,ロメのみ,effort-drop,
150,grepa-berry,ウブのみ,effort-drop,
151,tamato-berry,マトマのみ,effort-drop,
152,cornn-berry,モコシのみ,baking-only,
153,magost-berry,ゴスのみ,baking-only,
154,rabuta-berry,ラブタのみ,baking-only,
155,nomel-berry,ノメルのみ,baking-only,
156,spelon-berry,ノワキのみ,baking-only,
157,pamtre-berry,シーヤのみ,baking-only,
158,watmel-berry,カイスのみ,baking-only,
159,durin-berry,ドリのみ,baking-only,
160,belue-berry,ベリブのみ,baking-only,
161,occa-berry,オッカのみ,type-protection,
162,passho-berry,イトケのみ,type-protection,
163,wacan-berry,ソクノのみ,type-protection,
164,rindo-berry,リンドのみ,type-protection,
165,yache-berry,ヤチェのみ,type-protection,
166,chople-berry,ヨプのみ,type-protection,
167,kebia-berry,ビアーのみ,type-protection,
168,shuca-berry,シュカのみ,type-protection,
169,coba-berry,バコウのみ,type-protection,
170,payapa-berry,ウタンのみ,type-protection,
171,tanga-berry,タンガのみ,type-protection,
172,charti-berry,ヨロギのみ,type-protection,
173,kasib-berry,カシブのみ,type-protection,
174,haban-berry,ハバンのみ,type-protection,
175,colbur-berry,ナモのみ,type-protection,
176,babiri-berry,リリバのみ,type-protection,
177,chilan-berry,ホズのみ,type-protection,
178,liechi-berry,チイラのみ,in-a-pinch,
179,ganlon-berry,リュガのみ,in-a-pinch,
180,salac-berry,カムラのみ,in-a-pinch,
181,petaya-berry,ヤタピのみ,in-a-pinch,
182,apicot-berry,ズアのみ,in-a-pinch,
183,lansat-berry,サンのみ,in-a-pinch,
184,starf-berry,スターのみ,in-a-pinch,
185,enigma-berry,ナゾのみ,other,
186,micle-berry,ミクルのみ,in-a-pinch,
187,custap-berry,イバンのみ,in-a-pinch,
188,jaboca-berry,ジャポのみ,other,
189,rowap-berry,レンブのみ,other,
190,bright-powder,ひかりのこな,held-items,
191,white-herb,しろいハーブ,held-items,
192,macho-brace,きょうせいギプス,effort-training,
193,exp-share,がくしゅうそうち,training,
194,quick-claw,せんせいのツメ,held-items,
195,soothe-bell,やすらぎのすず,training,
196,mental-herb,メンタルハーブ,held-items,
197,choice-band,こだわりハチマキ,choice,
198,kings-rock,おうじゃのしるし,held-items,
199,silver-powder,ぎんのこな,type-enhancement,
200,amulet-coin,おまもりこばん,training,
201,cleanse-tag,きよめのおふだ,training,
202,soul-dew,こころのしずく,species-specific,
203,deep-sea-tooth,しんかいのキバ,species-specific,
204,deep-sea-scale,しんかいのウロコ,species-specific,
205,smoke-ball,けむりだま,held-items,
206,everstone,かわらずのいし,training,
207,focus-band,きあいのハチマキ,held-items,
208,lucky-egg,しあわせタマゴ,training,
209,scope-lens,ピントレンズ,held-items,
210,metal-coat,メタルコート,type-enhancement,
211,leftovers,たべのこし,held-items,
212,dragon-scale,りゅうのウロコ,evolution,
213,light-ball,でんきだま,species-specific,
214,soft-sand,やわらかいすな,type-enhancement,
215,hard-stone,かたいいし,type-enhancement,
216,miracle-seed,きせきのタネ,type-enhancement,
217,black-glasses,くろいメガネ,type-enhancement,
218,black-belt,くろおび,type-enhancement,
219,magnet,じしゃく,type-enhancement,
220,mystic-water,しんぴのしずく,type-enhancement,
221,sharp-beak,するどいくちばし,type-enhancement,
222,poison-barb,どくバリ,type-enhancement,
223,never-melt-ice,とけないこおり,type-enhancement,
224,spell-tag,のろいのおふだ,type-enhancement,
225,twisted-spoon,まがったスプーン,type-enhancement,
226,charcoal,もくたん,type-enhancement,
227,dragon-fang,りゅうのキバ,type-enhancement,
228,silk-scarf,シルクのスカーフ,type-enhancement,
229,up-grade,アップグレード,evolution,
230,shell-bell,かいがらのすず,held-items,
231,sea-incense,うしおのおこう,type-enhancement,
232,lax-incense,のんきのおこう,held-items,
233,lucky-punch,ラッキーパンチ,species-specific,
234,metal-powder,メタルパウダー,species-specific,
235,thick-club,ふといホネ,species-specific,
236,stick,ながねぎ,species-specific,
237,red-scarf,あかいバンダナ,scarves,
238,blue-scarf,あおいバンダナ,scarves,
239,pink-scarf,ピンクのバンダナ,scarves,
240,green-scarf,みどりのバンダナ,scarves,
241,yellow-scarf,きいろのバンダナ,scarves,
242,wide-lens,こうかくレンズ,held-items,
243,muscle-band,ちからのハチマキ,held-items,
244,wise-glasses,ものしりメガネ,held-items,
245,expert-belt,たつじんのおび,held-items,
246,light-clay,ひかりのねんど,held-items,
247,life-orb,いのちのたま,held-items,
248,power-herb,パワフルハーブ,held-items,
249,toxic-orb,どくどくだま,bad-held-items,
250,flame-orb,かえんだま,bad-held-items,
251,quick-powder,スピードパウダー,species-specific,
252,focus-sash,きあいのタスキ,held-items,
253,zoom-lens,フォーカスレンズ,held-items,
254,metronome,メトロノーム,held-items,
255,iron-ball,くろいてっきゅう,bad-held-items,
256,lagging-tail,こうこうのしっぽ,bad-held-items,
257,destiny-knot,あかいいと,held-items,
258,black-sludge,くろいヘドロ,held-items,
259,icy-rock,つめたいいわ,held-items,
260,smooth-rock,さらさらいわ,held-items,
261,heat-rock,あついいわ,held-items,
262,damp-rock,しめったいわ,held-items,
263,grip-claw,ねばりのかぎづめ,held-items,
264,choice-scarf,こだわりスカーフ,choice,
265,sticky-barb,くっつきバリ,bad-held-items,
266,power-bracer,パワーリスト,effort-training,
267,power-belt,パワーベルト,effort-training,
268,power-lens,パワーレンズ,effort-training,
269,power-band,パワーバンド,effort-training,
270,power-anklet,パワーアンクル,effort-training,
271,power-weight,パワーウエイト,effort-training,
272,shed-shell,きれいなぬけがら,held-items,
273,big-root,おおきなねっこ,held-items,
274,choice-specs,こだわりメガネ,choice,
275,flame-plate,ひのたまプレート,plates,
276,splash-plate,しずくプレート,plates,
277,zap-plate,いかずちプレート,plates,
278,meadow-plate,みどりのプレート,plates,
279,icicle-plate,つららのプレート,plates,
280,fist-plate,こぶしのプレート,plates,
281,toxic-plate,もうどくプレート,plates,
282,earth-plate,だいちのプレート,plates,
283,sky-plate,あおぞらプレート,plates,
284,mind-plate,ふしぎのプレート,plates,
285,insect-plate,たまむしプレート,plates,
286,stone-plate,がんせきプレート,plates,
287,spooky-plate,もののけプレート,plates,
288,draco-plate,りゅうのプレート,plates,
289,dread-plate,こわもてプレート,plates,
290,iron-plate,こうてつプレート,plates,
291,odd-incense,あやしいおこう,type-enhancement,
292,rock-incense,がんせきおこう,type-enhancement,
293,full-incense,まんぷくおこう,bad-held-items,
294,wave-incense,さざなみのおこう,type-enhancement,
295,rose-incense,おはなのおこう,type-enhancement,
296,luck-incense,こううんのおこう,training,
297,pure-incense,きよめのおこう,training,
298,protector,プロテクター,evolution,
299,electirizer,エレキブースター,evolution,
300,magmarizer,マグマブースター,evolution,
301,dubious-disc,あやしいパッチ,evolution,
302,reaper-cloth,れいかいのぬの,evolution,
303,razor-claw,するどいツメ,held-items,
304,razor-fang,するどいキバ,held-items,
305,tm01,わざマシン０１,all-machines,
306,tm02,わざマシン０２,all-machines,
307,tm03,わざマシン０３,all-machines,
308,tm04,わざマシン０４,all-machines,
309,tm05,わざマシン０５,all-machines,
310,tm06,わざマシン０６,all-machines,
311,tm07,わざマシン０７,all-machines,
312,tm08,わざマシン０８,all-machines,
313,tm09,わざマシン０９,all-machines,
314,tm10,わざマシン１０,all-machines,
315,tm11,わざマシン１１,all-machines,
316,tm12,わざマシン１２,all-machines,
317,tm13,わざマシン１３,all-machines,
318,tm14,わざマシン１４,all-machines,
319,tm15,わざマシン１５,all-machines,
320,tm16,わざマシン１６,all-machines,
321,tm17,わざマシン１７,all-machines,
322,tm18,わざマシン１８,all-machines,
323,tm19,わざマシン１９,all-machines,
324,tm20,わざマシン２０,all-machines,
325,tm21,わざマシン２１,all-machines,
326,tm22,わざマシン２２,all-machines,
327,tm23,わざマシン２３,all-machines,
328,tm24,わざマシン２４,all-machines,
329,tm25,わざマシン２５,all-machines,
330,tm26,わざマシン２６,all-machines,
331,tm27,わざマシン２７,all-machines,
332,tm28,わざマシン２８,all-machines,
333,tm29,わざマシン２９,all-machines,
334,tm30,わざマシン３０,all-machines,
335,tm31,わざマシン３１,all-machines,
336,tm32,わざマシン３２,all-machines,
337,tm33,わざマシン３３,all-machines,
338,tm34,わざマシン３４,all-machines,
339,tm35,わざマシン３５,all-machines,
340,tm36,わざマシン３６,all-machines,
341,tm37,わざマシン３７,all-machines,
342,tm38,わざマシン３８,all-machines,
343,tm39,わざマシン３９,all-machines,
344,tm40,わざマシン４０,all-machines,
345,tm41,わざマシン４１,all-machines,
346,tm42,わざマシン４２,all-machines,
347,tm43,わざマシン４３,all-machines,
348,tm44,わざマシン４４,all-machines,
349,tm45,わざマシン４５,all-machines,
350,tm46,わざマシン４６,all-machines,
351,tm47,わざマシン４７,all-machines,
352,tm48,わざマシン４８,all-machines,
353,tm49,わざマシン４９,all-machines,
354,tm50,わざマシン５０,all-machines,
355,tm51,わざマシン５１,all-machines,
356,tm52,わざマシン５２,all-machines,
357,tm53,わざマシン５３,all-machines,
358,tm54,わざマシン５４,all-machines,
359,tm55,わざマシン５５,all-machines,
360,tm56,わざマシン５６,all-machines,
361,tm57,わざマシン５７,all-machines,
362,tm58,わざマシン５８,all-machines,
363,tm59,わざマシン５９,all-machines,
364,tm60,わざマシン６０,all-machines,
365,tm61,わざマシン６１,all-machines,
366,tm62,わざマシン６２,all-machines,
367,tm63,わざマシン６３,all-machines,
368,tm64,わざマシン６４,all-machines,
369,tm65,わざマシン６５,all-machines,
370,tm66,わざマシン６６,all-machines,
371,tm67,わざマシン６７,all-machines,
372,tm68,わざマシン６８,all-machines,
373,tm69,わざマシン６９,all-machines,
374,tm70,わざマシン７０,all-machines,
375,tm71,わざマシン７１,all-machines,
376,tm72,わざマシン７２,all-machines,
377,tm73,わざマシン７３,all-machines,
378,tm74,わざマシン７４,all-machines,
379,tm75,わざマシン７５,all-machines,
380,tm76,わざマシン７６,all-machines,
381,tm77,わざマシン７７,all-machines,
382,tm78,わざマシン７８,all-machines,
383,tm79,わざマシン７９,all-machines,
384,tm80,わざマシン８０,all-machines,
385,tm81,わざマシン８１,all-machines,
386,tm82,わざマシン８２,all-machines,
387,tm83,わざマシン８３,all-machines,
388,tm84,わざマシン８４,all-machines,
389,tm85,わざマシン８５,all-machines,
390,tm86,わざマシン８６,all-machines,
391,tm87,わざマシン８７,all-machines,
392,tm88,わざマシン８８,all-machines,
393,tm89,わざマシン８９,all-machines,
394,tm90,わざマシン９０,all-machines,
395,tm91,わざマシン９１,all-machines,
396,tm92,わざマシン９２,all-machines,
397,hm01,ひでんマシン０１,all-machines,
398,hm02,ひでんマシン０２,all-machines,
399,hm03,ひでんマシン０３,all-machines,
400,hm04,ひでんマシン０４,all-machines,
401,hm05,ひでんマシン０５,all-machines,
402,hm06,ひでんマシン０６,all-machines,
403,hm07,ひでんマシン０７,all-machines,
404,hm08,ひでんマシン０８,all-machines,
405,explorer-kit,たんけんセット,gameplay,
406,loot-sack,たからぶくろ,unused,
407,rule-book,ルールブック,unused,
408,poke-radar,ポケトレ,gameplay,
409,point-card,ポイントカード,gameplay,
410,journal,ぼうけんノート,gameplay,
411,seal-case,シールいれ,gameplay,
412,fashion-case,アクセサリーいれ,gameplay,
413,seal-bag,シールぶくろ,unused,
414,pal-pad,ともだちてちょう,gameplay,
415,works-key,はつでんしょキー,plot-advancement,
416,old-charm,こだいのおまもり,plot-advancement,
417,galactic-key,ギンガだんのカギ,plot-advancement,
418,red-chain,あかいくさり,unused,
419,town-map,タウンマップ,gameplay,
420,vs-seeker,バトルサーチャー,gameplay,
421,coin-case,コインケース,gameplay,
422,old-rod,ボロのつりざお,gameplay,
423,good-rod,いいつりざお,gameplay,
424,super-rod,すごいつりざお,gameplay,
425,sprayduck,コダックじょうろ,gameplay,
426,poffin-case,ポフィンケース,gameplay,
427,bicycle,じてんしゃ,gameplay,
428,suite-key,ルームキー,event-items,
429,oaks-letter,オーキドのてがみ,event-items,
430,lunar-wing,みかづきのはね,event-items,
431,member-card,メンバーズカード,event-items,
432,azure-flute,てんかいのふえ,event-items,
433,ss-ticket,ふねのチケット,plot-advancement,
434,contest-pass,コンテストパス,gameplay,
435,magma-stone,かざんのおきいし,plot-advancement,
436,parcel,おとどけもの,plot-advancement,
437,coupon-1,ひきかえけん１,plot-advancement,
438,coupon-2,ひきかえけん２,plot-advancement,
439,coupon-3,ひきかえけん３,plot-advancement,
440,storage-key,そうこのカギ,plot-advancement,
441,secret-potion,ひでんのくすり,plot-advancement,
442,griseous-orb,はっきんだま,species-specific,
443,vs-recorder,バトルレコーダー,gameplay,
444,gracidea,グラシデアのはな,event-items,
445,secret-key,ひみつのカギ,event-items,
446,apricorn-box,ぼんぐりケース,gameplay,
447,berry-pots,きのみプランター,gameplay,
448,squirt-bottle,ゼニガメじょうろ,plot-advancement,
449,lure-ball,ルアーボール,apricorn-balls,
450,level-ball,レベルボール,apricorn-balls,
451,moon-ball,ムーンボール,apricorn-balls,
452,heavy-ball,ヘビーボール,apricorn-balls,
453,fast-ball,スピードボール,apricorn-balls,
454,friend-ball,フレンドボール,apricorn-balls,
455,love-ball,ラブラブボール,apricorn-balls,
456,park-ball,パークボール,standard-balls,
457,sport-ball,コンペボール,standard-balls,
458,red-apricorn,あかぼんぐり,apricorn-box,
459,blue-apricorn,あおぼんぐり,apricorn-box,
460,yellow-apricorn,きぼんぐり,apricorn-box,
461,green-apricorn,みどぼんぐり,apricorn-box,
462,pink-apricorn,ももぼんぐり,apricorn-box,
463,white-apricorn,しろぼんぐり,apricorn-box,
464,black-apricorn,くろぼんぐり,apricorn-box,
465,dowsing-machine,ダウジングマシン,gameplay,
466,rage-candy-bar,いかりまんじゅう,gameplay,
467,red-orb,べにいろのたま,plot-advancement,
468,blue-orb,あいいろのたま,plot-advancement,
469,jade-orb,もえぎいろのたま,plot-advancement,
470,enigma-stone,なぞのすいしょう,event-items,
471,unown-report,アンノーンノート,gameplay,
472,blue-card,ブルーカード,gameplay,
473,slowpoke-tail,おいしいシッポ,unused,
474,clear-bell,とうめいなスズ,plot-advancement,
475,card-key,カードキー,plot-advancement,
476,basement-key,ちかのかぎ,plot-advancement,
477,red-scale,あかいウロコ,plot-advancement,
478,lost-item,おとしもの,plot-advancement,
479,pass,リニアパス,plot-advancement,
480,machine-part,きかいのぶひん,plot-advancement,
481,silver-wing,ぎんいろのはね,plot-advancement,
482,rainbow-wing,にじいろのはね,plot-advancement,
483,mystery-egg,ふしぎなタマゴ,plot-advancement,
484,gb-sounds,ＧＢプレイヤー,gameplay,
485,tidal-bell,うみなりのスズ,plot-advancement,
486,data-card-01,データカード０１,data-cards,
487,data-card-02,データカード０２,data-cards,
488,data-card-03,データカード０３,data-cards,
489,data-card-04,データカード０４,data-cards,
490,data-card-05,データカード０５,data-cards,
491,data-card-06,データカード０６,data-cards,
492,data-card-07,データカード０７,data-cards,
493,data-card-08,データカード０８,data-cards,
494,data-card-09,データカード０９,data-cards,
495,data-card-10,データカード１０,data-cards,
496,data-card-11,データカード１１,data-cards,
497,data-card-12,データカード１２,data-cards,
498,data-card-13,データカード１３,data-cards,
499,data-card-14,データカード１４,data-cards,
500,data-card-15,データカード１５,data-cards,
501,data-card-16,データカード１６,data-cards,
502,data-card-17,データカード１７,data-cards,
503,data-card-18,データカード１８,data-cards,
504,data-card-19,データカード１９,data-cards,
505,data-card-20,データカード２０,data-cards,
506,data-card-21,データカード２１,data-cards,
507,data-card-22,データカード２２,data-cards,
508,data-card-23,データカード２３,data-cards,
509,data-card-24,データカード２４,data-cards,
510,data-card-25,データカード２５,data-cards,
511,data-card-26,データカード２６,data-cards,
512,data-card-27,データカード２７,data-cards,
513,lock-capsule,ロックカプセル,unused,
514,photo-album,フォトアルバム,unused,
515,orange-mail,オレンジメール,all-mail,
516,harbor-mail,ハーバーメール,all-mail,
517,glitter-mail,キラキラメール,all-mail,
518,mech-mail,メカニカルメール,all-mail,
519,wood-mail,ウッディメール,all-mail,
520,wave-mail,クロスメール,all-mail,
521,bead-mail,トレジャーメール,all-mail,
522,shadow-mail,シャドーメール,all-mail,
523,tropic-mail,トロピカルメール,all-mail,
524,dream-mail,ドリームメール,all-mail,
525,fab-mail,ミラクルメール,all-mail,
526,retro-mail,レトロメール,all-mail,
527,mach-bike,マッハじてんしゃ,gameplay,
528,acro-bike,ダートじてんしゃ,gameplay,
529,wailmer-pail,ホエルコじょうろ,gameplay,
530,devon-goods,デボンのにもつ,plot-advancement,
531,soot-sack,はいぶくろ,gameplay,
532,pokeblock-case,ポロックケース,gameplay,
533,letter,ダイゴへのてがみ,plot-advancement,
534,eon-ticket,むげんのチケット,event-items,
535,scanner,たんちき,plot-advancement,
536,go-goggles,ゴーゴーゴーグル,gameplay,
537,meteorite,いんせき,plot-advancement,
538,rm-1-key,１ごうしつのカギ,plot-advancement,
539,rm-2-key,２ごうしつのカギ,plot-advancement,
540,rm-4-key,４ごうしつのカギ,plot-advancement,
541,rm-6-key,６ごうしつのカギ,plot-advancement,
542,devon-scope,デボンスコープ,gameplay,
543,oaks-parcel,おとどけもの,plot-advancement,
544,poke-flute,ポケモンのふえ,plot-advancement,
545,bike-voucher,ひきかえけん,plot-advancement,
546,gold-teeth,きんのいれば,plot-advancement,
547,lift-key,エレベータのカギ,plot-advancement,
548,silph-scope,シルフスコープ,plot-advancement,
549,fame-checker,ボイスチェッカー,gameplay,
550,tm-case,わざマシンケース,gameplay,
551,berry-pouch,きのみぶくろ,gameplay,
552,teachy-tv,おしえテレビ,gameplay,
553,tri-pass,トライパス,plot-advancement,
554,rainbow-pass,レインボーパス,plot-advancement,
555,tea,おちゃ,plot-advancement,
556,mysticticket,しんぴのチケット,event-items,
557,auroraticket,オーロラチケット,event-items,
558,powder-jar,こないれ,gameplay,
559,ruby,ルビー,plot-advancement,
560,sapphire,サファイア,plot-advancement,
561,magma-emblem,マグマのしるし,plot-advancement,
562,old-sea-map,ふるびたかいず,event-items,
563,douse-drive,アクアカセット,species-specific,
564,shock-drive,イナズマカセット,species-specific,
565,burn-drive,ブレイズカセット,species-specific,
566,chill-drive,フリーズカセット,species-specific,
567,sweet-heart,ハートスイーツ,healing,
568,greet-mail,はじめてメール,all-mail,
569,favored-mail,だいすきメール,all-mail,
570,rsvp-mail,おさそいメール,all-mail,
571,thanks-mail,かんしゃメール,all-mail,
572,inquiry-mail,しつもんメール,all-mail,
573,like-mail,おすすめメール,all-mail,
574,reply-mail,おかえしメール,all-mail,
575,bridge-mail-s,ブリッジメールＳ,all-mail,
576,bridge-mail-d,ブリッジメールＨ,all-mail,
577,bridge-mail-t,ブリッジメールＣ,all-mail,
578,bridge-mail-v,ブリッジメールＶ,all-mail,
579,bridge-mail-m,ブリッジメールＷ,all-mail,
580,prism-scale,きれいなウロコ,evolution,
581,eviolite,しんかのきせき,held-items,
582,float-stone,かるいし,held-items,
583,rocky-helmet,ゴツゴツメット,held-items,
584,air-balloon,ふうせん,held-items,
585,red-card,レッドカード,held-items,
586,ring-target,ねらいのまと,held-items,
587,binding-band,しめつけバンド,held-items,
588,absorb-bulb,きゅうこん,held-items,
589,cell-battery,じゅうでんち,held-items,
590,eject-button,だっしゅつボタン,held-items,
591,fire-gem,ほのおのジュエル,jewels,
592,water-gem,みずのジュエル,jewels,
593,electric-gem,でんきのジュエル,jewels,
594,grass-gem,くさのジュエル,jewels,
595,ice-gem,こおりのジュエル,jewels,
596,fighting-gem,かくとうジュエル,jewels,
597,poison-gem,どくのジュエル,jewels,
598,ground-gem,じめんのジュエル,jewels,
599,flying-gem,ひこうのジュエル,jewels,
600,psychic-gem,エスパージュエル,jewels,
601,bug-gem,むしのジュエル,jewels,
602,rock-gem,いわのジュエル,jewels,
603,ghost-gem,ゴーストジュエル,jewels,
604,dark-gem,あくのジュエル,jewels,
605,steel-gem,はがねのジュエル,jewels,
606,health-wing,たいりょくのハネ,vitamins,
607,muscle-wing,きんりょくのハネ,vitamins,
608,resist-wing,ていこうのハネ,vitamins,
609,genius-wing,ちりょくのハネ,vitamins,
610,clever-wing,せいしんのハネ,vitamins,
611,swift-wing,しゅんぱつのハネ,vitamins,
612,pretty-wing,きれいなハネ,loot,
613,cover-fossil,ふたのカセキ,dex-completion,
614,plume-fossil,はねのカセキ,dex-completion,
615,liberty-pass,リバティチケット,event-items,
616,pass-orb,デルダマ,held-items,
617,dream-ball,ドリームボール,special-balls,
618,poke-toy,ポケじゃらし,spelunking,
619,prop-case,グッズケース,gameplay,
620,dragon-skull,ドラゴンのホネ,plot-advancement,
621,balm-mushroom,かおるキノコ,loot,
622,big-nugget,でかいきんのたま,loot,
623,pearl-string,おだんごしんじゅ,loot,
624,comet-shard,すいせいのかけら,loot,
625,relic-copper,こだいのどうか,loot,
626,relic-silver,こだいのぎんか,loot,
627,relic-gold,こだいのきんか,loot,
628,relic-vase,こだいのツボ,loot,
629,relic-band,こだいのうでわ,loot,
630,relic-statue,こだいのせきぞう,loot,
631,relic-crown,こだいのおうかん,loot,
632,casteliacone,ヒウンアイス,status-cures,
633,dire-hit-2,クリティカット２,miracle-shooter,
634,x-speed-2,スピーダー２,miracle-shooter,
635,x-sp-atk-2,ＳＰアップ２,miracle-shooter,
636,x-sp-def-2,ＳＰガード２,miracle-shooter,
637,x-defense-2,ディフェンダー２,miracle-shooter,
638,x-attack-2,プラスパワー２,miracle-shooter,
639,x-accuracy-2,ヨクアタール２,miracle-shooter,
640,x-speed-3,スピーダー３,miracle-shooter,
641,x-sp-atk-3,ＳＰアップ３,miracle-shooter,
642,x-sp-def-3,ＳＰガード３,miracle-shooter,
643,x-defense-3,ディフェンダー３,miracle-shooter,
644,x-attack-3,プラスパワー３,miracle-shooter,
645,x-accuracy-3,ヨクアタール３,miracle-shooter,
646,x-speed-6,スピーダー６,miracle-shooter,
647,x-sp-atk-6,ＳＰアップ６,miracle-shooter,
648,x-sp-def-6,ＳＰガード６,miracle-shooter,
649,x-defense-6,ディフェンダー６,miracle-shooter,
650,x-attack-6,プラスパワー６,miracle-shooter,
651,x-accuracy-6,ヨクアタール６,miracle-shooter,
652,ability-urge,スキルコール,miracle-shooter,
653,item-drop,アイテムドロップ,miracle-shooter,
654,item-urge,アイテムコール,miracle-shooter,
655,reset-urge,フラットコール,miracle-shooter,
656,dire-hit-3,クリティカット３,miracle-shooter,
657,light-stone,ライトストーン,plot-advancement,
658,dark-stone,ダークストーン,plot-advancement,
659,tm93,わざマシン９３,all-machines,
660,tm94,わざマシン９４,all-machines,
661,tm95,わざマシン９５,all-machines,
662,xtransceiver,ライブキャスター,gameplay,
663,god-stone,ゴッドストーン,unused,
664,gram-1,はいたつぶつ１,plot-advancement,
665,gram-2,はいたつぶつ２,plot-advancement,
666,gram-3,はいたつぶつ３,plot-advancement,
668,dragon-gem,ドラゴンジュエル,jewels,
669,normal-gem,ノーマルジュエル,jewels,
670,medal-box,メダルボックス,gameplay,
671,dna-splicers,いでんしのくさび,gameplay,
673,permit,きょかしょう,gameplay,
674,oval-charm,まるいおまもり,gameplay,
675,shiny-charm,ひかるおまもり,gameplay,
676,plasma-card,プラズマカード,plot-advancement,
677,grubby-hanky,よごれたハンカチ,plot-advancement,
678,colress-machine,アクロママシーン,plot-advancement,
679,dropped-item,わすれもの,plot-advancement,
681,reveal-glass,うつしかがみ,gameplay,
682,weakness-policy,じゃくてんほけん,held-items,
683,assault-vest,とつげきチョッキ,held-items,
684,pixie-plate,せいれいプレート,plates,
685,ability-capsule,とくせいカプセル,vitamins,
686,whipped-dream,ホイップポップ,evolution,
687,sachet,においぶくろ,evolution,
688,luminous-moss,ひかりごけ,held-items,
689,snowball,ゆきだま,held-items,
690,safety-goggles,ぼうじんゴーグル,held-items,
691,rich-mulch,たわわこやし,mulch,
692,surprise-mulch,びっくりこやし,mulch,
693,boost-mulch,ぐんぐんこやし,mulch,
694,amaze-mulch,とんでもこやし,mulch,
695,gengarite,ゲンガナイト,mega-stones,
696,gardevoirite,サーナイトナイト,mega-stones,
697,ampharosite,デンリュウナイト,mega-stones,
698,venusaurite,フシギバナイト,mega-stones,
699,charizardite-x,リザードナイトＸ,mega-stones,
700,blastoisinite,カメックスナイト,mega-stones,
701,mewtwonite-x,ミュウツナイトＸ,mega-stones,
702,mewtwonite-y,ミュウツナイトＹ,mega-stones,
703,blazikenite,バシャーモナイト,mega-stones,
704,medichamite,チャーレムナイト,mega-stones,
705,houndoominite,ヘルガナイト,mega-stones,
706,aggronite,ボスゴドラナイト,mega-stones,
707,banettite,ジュペッタナイト,mega-stones,
708,tyranitarite,バンギラスナイト,mega-stones,
709,scizorite,ハッサムナイト,mega-stones,
710,pinsirite,カイロスナイト,mega-stones,
711,aerodactylite,プテラナイト,mega-stones,
712,lucarionite,ルカリオナイト,mega-stones,
713,abomasite,ユキノオナイト,mega-stones,
714,kangaskhanite,ガルーラナイト,mega-stones,
715,gyaradosite,ギャラドスナイト,mega-stones,
716,absolite,アブソルナイト,mega-stones,
717,charizardite-y,リザードナイトＹ,mega-stones,
718,alakazite,フーディナイト,mega-stones,
719,heracronite,ヘラクロスナイト,mega-stones,
720,mawilite,クチートナイト,mega-stones,
721,manectite,ライボルトナイト,mega-stones,
722,garchompite,ガブリアスナイト,mega-stones,
723,roseli-berry,ロゼルのみ,type-protection,
724,kee-berry,アッキのみ,other,
725,maranga-berry,タラプのみ,other,
726,discount-coupon,バーゲンチケット,loot,
727,strange-souvenir,ふしぎなおきもの,loot,
728,lumiose-galette,ミアレガレット,status-cures,
729,jaw-fossil,アゴのカセキ,dex-completion,
730,sail-fossil,ヒレのカセキ,dex-completion,
731,fairy-gem,ようせいジュエル,jewels,
732,adventure-rules,たんけんこころえ,gameplay,
733,elevator-key,エレベータのキー,plot-advancement,
734,holo-caster,ホロキャスター,gameplay,
735,honor-of-kalos,カロスエンブレム,plot-advancement,
736,intriguing-stone,すごそうないし,plot-advancement,
737,lens-case,レンズケース,gameplay,
738,looker-ticket,ハンサムチケット,plot-advancement,
739,mega-ring,メガリング,gameplay,
740,power-plant-pass,はつでんしょパス,plot-advancement,
741,profs-letter,はかせのてがみ,plot-advancement,
742,roller-skates,ローラースケート,gameplay,
743,sprinklotad,ハスボーじょうろ,gameplay,
744,tmv-pass,ＴＭＶパス,gameplay,
745,tm96,わざマシン９６,all-machines,
746,tm97,わざマシン９７,all-machines,
747,tm98,わざマシン９８,all-machines,
748,tm99,わざマシン９９,all-machines,
749,tm100,わざマシン１００,all-machines,
760,latiasite,ラティアスナイト,mega-stones,
761,latiosite,ラティオスナイト,mega-stones,
762,common-stone,ありふれたいし,unused,
763,makeup-bag,コスメポーチ,gameplay,
764,travel-trunk,いしょうトランク,unused,
765,shalour-sable,シャラサブレ,status-cures,
768,mega-charm,メガチャーム,unused,
769,mega-glove,メガグローブ,unused,
770,devon-parts,デボンのにもつ,plot-advancement,
772,pokeblock-kit,ポロックキット,gameplay,
773,key-to-room-1,１ごうしつのカギ,plot-advancement,
774,key-to-room-2,２ごうしつのカギ,plot-advancement,
775,key-to-room-4,４ごうしつのカギ,plot-advancement,
776,key-to-room-6,６ごうしつのカギ,plot-advancement,
779,devon-scuba-gear,デボンボンベ,plot-advancement,
780,contest-costume--jacket,ライブスーツ,gameplay,
782,magma-suit,マグマスーツ,plot-advancement,
783,aqua-suit,アクアスーツ,plot-advancement,
784,pair-of-tickets,ペアチケット,plot-advancement,
785,mega-bracelet,メガバングル,gameplay,
786,mega-pendant,メガペンダント,unused,
787,mega-glasses,メガメガネ,unused,
788,mega-anchor,メガイカリ,unused,
789,mega-stickpin,メガラペルピン,unused,
790,mega-tiara,メガティアラ,unused,
791,mega-anklet,メガアンクレット,unused,
793,swampertite,ラグラージナイト,mega-stones,
794,sceptilite,ジュカインナイト,mega-stones,
795,sablenite,ヤミラミナイト,mega-stones,
796,altarianite,チルタリスナイト,mega-stones,
797,galladite,エルレイドナイト,mega-stones,
798,audinite,タブンネナイト,mega-stones,
799,metagrossite,メタグロスナイト,mega-stones,
800,sharpedonite,サメハダナイト,mega-stones,
801,slowbronite,ヤドランナイト,mega-stones,
802,steelixite,ハガネールナイト,mega-stones,
803,pidgeotite,ピジョットナイト,mega-stones,
804,glalitite,オニゴーリナイト,mega-stones,
805,diancite,ディアンシナイト,mega-stones,
806,prison-bottle,いましめのツボ,gameplay,
807,mega-cuff,メガブレス,unused,
808,cameruptite,バクーダナイト,mega-stones,
809,lopunnite,ミミロップナイト,mega-stones,
810,salamencite,ボーマンダナイト,mega-stones,
811,beedrillite,スピアナイト,mega-stones,
814,key-stone,キーストーン,gameplay,
815,meteorite-shard,いんせきのかけら,plot-advancement,
816,eon-flute,むげんのふえ,gameplay,
817,normalium-z--held,ノーマルＺ,z-crystals,
818,firium-z--held,ホノオＺ,z-crystals,
819,waterium-z--held,ミズＺ,z-crystals,
820,electrium-z--held,デンキＺ,z-crystals,
821,grassium-z--held,クサＺ,z-crystals,
822,icium-z--held,コオリＺ,z-crystals,
823,fightinium-z--held,カクトウＺ,z-crystals,
824,poisonium-z--held,ドクＺ,z-crystals,
825,groundium-z--held,ジメンＺ,z-crystals,
826,flyinium-z--held,ヒコウＺ,z-crystals,
827,psychium-z--held,エスパーＺ,z-crystals,
828,buginium-z--held,ムシＺ,z-crystals,
829,rockium-z--held,イワＺ,z-crystals,
830,ghostium-z--held,ゴーストＺ,z-crystals,
831,dragonium-z--held,ドラゴンＺ,z-crystals,
832,darkinium-z--held,アクＺ,z-crystals,
833,steelium-z--held,ハガネＺ,z-crystals,
834,fairium-z--held,フェアリーＺ,z-crystals,
835,pikanium-z--held,ピカチュウＺ,z-crystals,
836,bottle-cap,ぎんのおうかん,loot,
837,gold-bottle-cap,きんのおうかん,loot,
838,z-ring,Ｚリング,gameplay,
839,decidium-z--held,ジュナイパーＺ,z-crystals,
840,incinium-z--held,ガオガエンＺ,z-crystals,
841,primarium-z--held,アシレーヌＺ,z-crystals,
842,tapunium-z--held,カプＺ,z-crystals,
843,marshadium-z--held,マーシャドーＺ,z-crystals,
844,aloraichium-z--held,アロライＺ,z-crystals,
845,snorlium-z--held,カビゴンＺ,z-crystals,
846,eevium-z--held,イーブイＺ,z-crystals,
847,mewnium-z--held,ミュウＺ,z-crystals,
877,pikashunium-z--held,サトピカＺ,z-crystals,
878,forage-bag,ざいりょうぶくろ,gameplay,
879,fishing-rod,つりざお,gameplay,
880,professors-mask,はかせのふくめん,plot-advancement,
881,festival-ticket,フェスチケット,gameplay,
882,sparkling-stone,かがやくいし,plot-advancement,
883,adrenaline-orb,ビビリだま,held-items,
884,zygarde-cube,ジガルデキューブ,gameplay,
885,ice-stone,こおりのいし,evolution,
886,ride-pager,ライドギア,unused,
887,beast-ball,ウルトラボール,special-balls,
888,big-malasada,おおきいマラサダ,status-cures,
889,red-nectar,くれないのミツ,species-specific,
890,yellow-nectar,やまぶきのミツ,species-specific,
891,pink-nectar,うすもものミツ,species-specific,
892,purple-nectar,むらさきのミツ,species-specific,
893,sun-flute,たいようのふえ,plot-advancement,
894,moon-flute,つきのふえ,plot-advancement,
895,enigmatic-card,あやしいカード,plot-advancement,
896,terrain-extender,グランドコート,held-items,
897,protective-pads,ぼうごパット,held-items,
898,electric-seed,エレキシード,held-items,
899,psychic-seed,サイコシード,held-items,
900,misty-seed,ミストシード,held-items,
901,grassy-seed,グラスシード,held-items,
902,fighting-memory,ファイトメモリ,memories,
903,flying-memory,フライングメモリ,memories,
904,poison-memory,ポイズンメモリ,memories,
905,ground-memory,グラウンドメモリ,memories,
906,rock-memory,ロックメモリ,memories,
907,bug-memory,バグメモリ,memories,
908,ghost-memory,ゴーストメモリ,memories,
909,steel-memory,スチールメモリ,memories,
910,fire-memory,ファイヤーメモリ,memories,
911,water-memory,ウオーターメモリ,memories,
912,grass-memory,グラスメモリ,memories,
913,electric-memory,エレクトロメモリ,memories,
914,psychic-memory,サイキックメモリ,memories,
915,ice-memory,アイスメモリ,memories,
916,dragon-memory,ドラゴンメモリ,memories,
917,dark-memory,ダークメモリ,memories,
918,fairy-memory,フェアリーメモリ,memories,
919,bike--green,じてんしゃ,unused,
920,storage-key--galactic-warehouse,そうこのカギ,unused,
921,basement-key--goldenrod,ちかのかぎ,unused,
922,xtransceiver--red,ライブキャスター,unused,
923,xtransceiver--yellow,ライブキャスター,unused,
924,dna-splicers--merge,いでんしのくさび,unused,
925,dna-splicers--split,いでんしのくさび,unused,
926,dropped-item--red,わすれもの,unused,
927,dropped-item--yellow,わすれもの,unused,
928,holo-caster--green,ホロキャスター,unused,
929,bike--yellow,じてんしゃ,unused,
930,holo-caster--red,ホロキャスター,unused,
931,basement-key--new-mauville,ちかのカギ,unused,
932,storage-key--sea-mauville,そうこのカギ,unused,
933,ss-ticket--hoenn,ふねのチケット,unused,
934,contest-costume--dress,ライブドレス,unused,
935,meteorite--2,いんせき,unused,
936,meteorite--3,いんせき,unused,
937,meteorite--4,いんせき,unused,
938,normalium-z--bag,ノーマルＺ,unused,
939,firium-z--bag,ホノオＺ,unused,
940,waterium-z--bag,ミズＺ,unused,
941,electrium-z--bag,デンキＺ,unused,
942,grassium-z--bag,クサＺ,unused,
943,icium-z--bag,コオリＺ,unused,
944,fightinium-z--bag,カクトウＺ,unused,
945,poisonium-z--bag,ドクＺ,unused,
946,groundium-z--bag,ジメンＺ,unused,
947,flyinium-z--bag,ヒコウＺ,unused,
948,psychium-z--bag,エスパーＺ,unused,
949,buginium-z--bag,ムシＺ,unused,
950,rockium-z--bag,イワＺ,unused,
951,ghostium-z--bag,ゴーストＺ,unused,
952,dragonium-z--bag,ドラゴンＺ,unused,
953,darkinium-z--bag,アクＺ,unused,
954,steelium-z--bag,ハガネＺ,unused,
955,fairium-z--bag,フェアリーＺ,unused,
956,pikanium-z--bag,ピカチュウＺ,unused,
957,decidium-z--bag,ジュナイパーＺ,unused,
958,incinium-z--bag,ガオガエンＺ,unused,
959,primarium-z--bag,アシレーヌＺ,unused,
960,tapunium-z--bag,カプＺ,unused,
961,marshadium-z--bag,マーシャドーＺ,unused,
962,aloraichium-z--bag,アロライＺ,unused,
963,snorlium-z--bag,カビゴンＺ,unused,
964,eevium-z--bag,イーブイＺ,unused,
965,mewnium-z--bag,ミュウＺ,unused,
966,pikashunium-z--bag,サトピカＺ,unused,
967,solganium-z--held,ソルガレオＺ,unused,
968,lunalium-z--held,ルナアーラＺ,unused,
969,ultranecrozium-z--held,ウルトラネクロＺ,unused,
970,mimikium-z--held,ミミッキュＺ,unused,
971,lycanium-z--held,ルガルガンＺ,unused,
972,kommonium-z--held,ジャラランガＺ,unused,
973,solganium-z--bag,ソルガレオＺ,unused,
974,lunalium-z--bag,ルナアーラＺ,unused,
975,ultranecrozium-z--bag,ウルトラネクロＺ,unused,
976,mimikium-z--bag,ミミッキュＺ,unused,
977,lycanium-z--bag,ルガルガンＺ,unused,
978,kommonium-z--bag,ジャラランガＺ,unused,
979,z-power-ring,Ｚパワーリング,unused,
980,pink-petal,ももいろはなびら,unused,
981,orange-petal,だいだいはなびら,unused,
982,blue-petal,あおのはなびら,unused,
983,red-petal,あかのはなびら,unused,
984,green-petal,みどりのはなびら,unused,
985,yellow-petal,きいろのはなびら,unused,
986,purple-petal,むらさきはなびら,unused,
987,rainbow-flower,にじいろのはな,unused,
988,surge-badge,だいだいバッジ,unused,
989,n-solarizer--merge,ネクロプラスソル,unused,
990,n-lunarizer--merge,ネクロプラスルナ,unused,
991,n-solarizer--split,ネクロプラスソル,unused,
992,n-lunarizer--split,ネクロプラスルナ,unused,
993,ilimas-normalium-z,イリマノーマルＺ,unused,
994,left-poke-ball,のこされたボール,unused,
995,roto-hatch,タマゴふかポン,unused,
996,roto-bargain,やすうりポン,unused,
997,roto-prize-money,おこづかいポン,unused,
998,roto-exp-points,けいけんポン,unused,
999,roto-friendship,なつきポン,unused,
1000,roto-encounter,みっけポン,unused,
1001,roto-stealth,かくれポン,unused,
1002,roto-hp-restore,ＨＰかいふくポン,unused,
1003,roto-pp-restore,ＰＰかいふくポン,unused,
1004,roto-boost,おうえんポン,unused,
1005,roto-catch,つかまえポン,unused,
1006,autograph,マチスのサイン,unused,
1007,pokemon-box,ポケモンボックス,unused,
1008,medicine-pocket,かいふくポケット,unused,
1009,candy-jar,アメボトル,unused,
1010,power-up-pocket,きょうかポケット,unused,
1011,clothing-trunk,おきがえトランク,unused,
1012,catching-pocket,ほかくポケット,unused,
1013,battle-pocket,バトルポケット,unused,
1014,silver-razz-berry,ぎんのズリのみ,catching-bonus,
1015,golden-razz-berry,きんのズリのみ,catching-bonus,
1016,silver-nanab-berry,ぎんのナナのみ,catching-bonus,
1017,golden-nanab-berry,きんのナナのみ,catching-bonus,
1018,silver-pinap-berry,ぎんのパイルのみ,catching-bonus,
1019,golden-pinap-berry,きんのパイルのみ,catching-bonus,
1020,secret-key--letsgo,ひみつのカギ,plot-advancement,
1021,ss-ticket--letsgo,ふねのチケット,plot-advancement,
1022,parcel--letsgo,おとどけもの,plot-advancement,
1023,card-key--letsgo,カードキー,plot-advancement,
1024,stretchy-spring,のびたバネ,loot,
1025,chalky-stone,チョークいし,loot,
1026,marble,ビーだま,loot,
1027,lone-earring,かたっぽピアス,loot,
1028,beach-glass,うみべのガラス,loot,
1029,gold-leaf,きんのはっぱ,loot,
1030,silver-leaf,ぎんのはっぱ,loot,
1031,polished-mud-ball,ピカピカだんご,loot,
1032,tropical-shell,なんごくかいがら,loot,
1033,leaf-letter--pikachu,このはのおてがみ,loot,
1034,leaf-letter--eevee,このはのおてがみ,loot,
1035,small-bouquet,ちいさなはなたば,loot,
1036,lure,むしよせコロン,spelunking,
1037,super-lure,シルバーコロン,spelunking,
1038,max-lure,ゴールドコロン,spelunking,
1039,pewter-crunchies,ニビあられ,status-cures,
1040,health-candy,げんきのアメ,vitamins,
1041,mighty-candy,ちからのアメ,vitamins,
1042,tough-candy,まもりのアメ,vitamins,
1043,smart-candy,ちしきのアメ,vitamins,
1044,courage-candy,こころのアメ,vitamins,
1045,quick-candy,はやさのアメ,vitamins,
1046,health-candy-l,げんきのアメＬ,vitamins,
1047,mighty-candy-l,ちからのアメＬ,vitamins,
1048,tough-candy-l,まもりのアメＬ,vitamins,
1049,smart-candy-l,ちしきのアメＬ,vitamins,
1050,courage-candy-l,こころのアメＬ,vitamins,
1051,quick-candy-l,はやさのアメＬ,vitamins,
1052,health-candy-xl,げんきのアメＸＬ,vitamins,
1053,mighty-candy-xl,ちからのアメＸＬ,vitamins,
1054,tough-candy-xl,まもりのアメＸＬ,vitamins,
1055,smart-candy-xl,ちしきのアメＸＬ,vitamins,
1056,courage-candy-xl,こころのアメＸＬ,vitamins,
1057,quick-candy-xl,はやさのアメＸＬ,vitamins,
1058,bulbasaur-candy,フシギダネのアメ,species-candies,
1059,charmander-candy,ヒトカゲのアメ,species-candies,
1060,squirtle-candy,ゼニガメのアメ,species-candies,
1061,caterpie-candy,キャタピーのアメ,species-candies,
1062,weedle-candy,ビードルのアメ,species-candies,
1063,pidgey-candy,ポッポのアメ,species-candies,
1064,rattata-candy,コラッタのアメ,species-candies,
1065,spearow-candy,オニスズメのアメ,species-candies,
1066,ekans-candy,アーボのアメ,species-candies,
1067,pikachu-candy,ピカチュウのアメ,species-candies,
1068,sandshrew-candy,サンドのアメ,species-candies,
1069,nidoran-f-candy,ニドラン♀のアメ,species-candies,
1070,nidoran-m-candy,ニドラン♂のアメ,species-candies,
1071,clefairy-candy,ピッピのアメ,species-candies,
1072,vulpix-candy,ロコンのアメ,species-candies,
1073,jigglypuff-candy,プリンのアメ,species-candies,
1074,zubat-candy,ズバットのアメ,species-candies,
1075,oddish-candy,ナゾノクサのアメ,species-candies,
1076,paras-candy,パラスのアメ,species-candies,
1077,venonat-candy,コンパンのアメ,species-candies,
1078,diglett-candy,ディグダのアメ,species-candies,
1079,meowth-candy,ニャースのアメ,species-candies,
1080,psyduck-candy,コダックのアメ,species-candies,
1081,mankey-candy,マンキーのアメ,species-candies,
1082,growlithe-candy,ガーディのアメ,species-candies,
1083,poliwag-candy,ニョロモのアメ,species-candies,
1084,abra-candy,ケーシィのアメ,species-candies,
1085,machop-candy,ワンリキーのアメ,species-candies,
1086,bellsprout-candy,マダツボミのアメ,species-candies,
1087,tentacool-candy,メノクラゲのアメ,species-candies,
1088,geodude-candy,イシツブテのアメ,species-candies,
1089,ponyta-candy,ポニータのアメ,species-candies,
1090,slowpoke-candy,ヤドンのアメ,species-candies,
1091,magnemite-candy,コイルのアメ,species-candies,
1092,farfetchd-candy,カモネギのアメ,species-candies,
1093,doduo-candy,ドードーのアメ,species-candies,
1094,seel-candy,パウワウのアメ,species-candies,
1095,grimer-candy,ベトベターのアメ,species-candies,
1096,shellder-candy,シェルダーのアメ,species-candies,
1097,gastly-candy,ゴースのアメ,species-candies,
1098,onix-candy,イワークのアメ,species-candies,
1099,drowzee-candy,スリープのアメ,species-candies,
1100,krabby-candy,クラブのアメ,species-candies,
1101,voltorb-candy,ビリリダマのアメ,species-candies,
1102,exeggcute-candy,タマタマのアメ,species-candies,
1103,cubone-candy,カラカラのアメ,species-candies,
1104,hitmonlee-candy,サワムラーのアメ,species-candies,
1105,hitmonchan-candy,エビワラーのアメ,species-candies,
1106,lickitung-candy,ベロリンガのアメ,species-candies,
1107,koffing-candy,ドガースのアメ,species-candies,
1108,rhyhorn-candy,サイホーンのアメ,species-candies,
1109,chansey-candy,ラッキーのアメ,species-candies,
1110,tangela-candy,モンジャラのアメ,species-candies,
1111,kangaskhan-candy,ガルーラのアメ,species-candies,
1112,horsea-candy,タッツーのアメ,species-candies,
1113,goldeen-candy,トサキントのアメ,species-candies,
1114,staryu-candy,ヒトデマンのアメ,species-candies,
1115,mr-mime-candy,バリヤードのアメ,species-candies,
1116,scyther-candy,ストライクのアメ,species-candies,
1117,jynx-candy,ルージュラのアメ,species-candies,
1118,electabuzz-candy,エレブーのアメ,species-candies,
1119,pinsir-candy,カイロスのアメ,species-candies,
1120,tauros-candy,ケンタロスのアメ,species-candies,
1121,magikarp-candy,コイキングのアメ,species-candies,
1122,lapras-candy,ラプラスのアメ,species-candies,
1123,ditto-candy,メタモンのアメ,species-candies,
1124,eevee-candy,イーブイのアメ,species-candies,
1125,porygon-candy,ポリゴンのアメ,species-candies,
1126,omanyte-candy,オムナイトのアメ,species-candies,
1127,kabuto-candy,カブトのアメ,species-candies,
1128,aerodactyl-candy,プテラのアメ,species-candies,
1129,snorlax-candy,カビゴンのアメ,species-candies,
1130,articuno-candy,フリーザーのアメ,species-candies,
1131,zapdos-candy,サンダーのアメ,species-candies,
1132,moltres-candy,ファイヤーのアメ,species-candies,
1133,dratini-candy,ミニリュウのアメ,species-candies,
1134,mewtwo-candy,ミュウツーのアメ,species-candies,
1135,mew-candy,ミュウのアメ,species-candies,
1136,meltan-candy,メルタンのアメ,species-candies,
1137,magmar-candy,ブーバーのアメ,species-candies,
1138,endorsement,すいせんじょう,plot-advancement,
1139,pokemon-box-link,ポケモンボックス,gameplay,
1140,wishing-star,ねがいぼし,plot-advancement,
1141,dynamax-band,ダイマックスＢ,plot-advancement,
1142,fishing-rod--galar,つりざお,gameplay,
1143,rotom-bike,ロトムじてんしゃ,gameplay,
1144,sausages,あらびきヴルスト,curry-ingredients,
1145,bobs-food-tin,ボブのかんづめ,curry-ingredients,
1146,bachs-food-tin,バックのかんづめ,curry-ingredients,
1147,tin-of-beans,マメかん,curry-ingredients,
1148,bread,しょくパン,curry-ingredients,
1149,pasta,パスタ,curry-ingredients,
1150,mixed-mushrooms,キノコパック,curry-ingredients,
1151,smoke-poke-tail,しっぽのくんせい,curry-ingredients,
1152,large-leek,ふといながねぎ,curry-ingredients,
1153,fancy-apple,とくせんリンゴ,curry-ingredients,
1154,brittle-bones,かぼそいホネ,curry-ingredients,
1155,pack-of-potatoes,ポテトパック,curry-ingredients,
1156,pungent-root,みずべのハーブ,curry-ingredients,
1157,salad-mix,やさいパック,curry-ingredients,
1158,fried-food,フライもりあわせ,curry-ingredients,
1159,boiled-egg,ゆでタマゴ,curry-ingredients,
1160,camping-gear,キャンプセット,gameplay,
1161,rusted-sword,くちたけん,species-specific,
1162,rusted-shield,くちたたて,species-specific,
1163,fossilized-bird,カセキのトリ,dex-completion,
1164,fossilized-fish,カセキのサカナ,dex-completion,
1165,fossilized-drake,カセキのリュウ,dex-completion,
1166,fossilized-dino,カセキのクビナガ,dex-completion,
1167,strawberry-sweet,いちごアメざいく,evolution,
1168,love-sweet,ハートアメざいく,evolution,
1169,berry-sweet,ベリーアメざいく,evolution,
1170,clover-sweet,よつばアメざいく,evolution,
1171,flower-sweet,おはなアメざいく,evolution,
1172,star-sweet,スターアメざいく,evolution,
1173,ribbon-sweet,リボンアメざいく,evolution,
1174,sweet-apple,あまーいりんご,evolution,
1175,tart-apple,すっぱいりんご,evolution,
1176,throat-spray,のどスプレー,held-items,
1177,eject-pack,だっしゅつパック,held-items,
1178,heavy-duty-boots,あつぞこブーツ,held-items,
1179,blunder-policy,からぶりほけん,held-items,
1180,room-service,ルームサービス,held-items,
1181,utility-umbrella,ばんのうがさ,held-items,
1182,exp-candy-xs,けいけんアメＸＳ,vitamins,
1183,exp-candy-s,けいけんアメＳ,vitamins,
1184,exp-candy-m,けいけんアメＭ,vitamins,
1185,exp-candy-l,けいけんアメＬ,vitamins,
1186,exp-candy-xl,けいけんアメＸＬ,vitamins,
1187,dynamax-candy,ダイマックスアメ,vitamins,
1188,tr00,わざレコード００,all-machines,
1189,tr01,わざレコード０１,all-machines,
1190,tr02,わざレコード０２,all-machines,
1191,tr03,わざレコード０３,all-machines,
1192,tr04,わざレコード０４,all-machines,
1193,tr05,わざレコード０５,all-machines,
1194,tr06,わざレコード０６,all-machines,
1195,tr07,わざレコード０７,all-machines,
1196,tr08,わざレコード０８,all-machines,
1197,tr09,わざレコード０９,all-machines,
1198,tr10,わざレコード１０,all-machines,
1199,tr11,わざレコード１１,all-machines,
1200,tr12,わざレコード１２,all-machines,
1201,tr13,わざレコード１３,all-machines,
1202,tr14,わざレコード１４,all-machines,
1203,tr15,わざレコード１５,all-machines,
1204,tr16,わざレコード１６,all-machines,
1205,tr17,わざレコード１７,all-machines,
1206,tr18,わざレコード１８,all-machines,
1207,tr19,わざレコード１９,all-machines,
1208,tr20,わざレコード２０,all-machines,
1209,tr21,わざレコード２１,all-machines,
1210,tr22,わざレコード２２,all-machines,
1211,tr23,わざレコード２３,all-machines,
1212,tr24,わざレコード２４,all-machines,
1213,tr25,わざレコード２５,all-machines,
1214,tr26,わざレコード２６,all-machines,
1215,tr27,わざレコード２７,all-machines,
1216,tr28,わざレコード２８,all-machines,
1217,tr29,わざレコード２９,all-machines,
1218,tr30,わざレコード３０,all-machines,
1219,tr31,わざレコード３１,all-machines,
1220,tr32,わざレコード３２,all-machines,
1221,tr33,わざレコード３３,all-machines,
1222,tr34,わざレコード３４,all-machines,
1223,tr35,わざレコード３５,all-machines,
1224,tr36,わざレコード３６,all-machines,
1225,tr37,わざレコード３７,all-machines,
1226,tr38,わざレコード３８,all-machines,
1227,tr39,わざレコード３９,all-machines,
1228,tr40,わざレコード４０,all-machines,
1229,tr41,わざレコード４１,all-machines,
1230,tr42,わざレコード４２,all-machines,
1231,tr43,わざレコード４３,all-machines,
1232,tr44,わざレコード４４,all-machines,
1233,tr45,わざレコード４５,all-machines,
1234,tr46,わざレコード４６,all-machines,
1235,tr47,わざレコード４７,all-machines,
1236,tr48,わざレコード４８,all-machines,
1237,tr49,わざレコード４９,all-machines,
1238,tr50,わざレコード５０,all-machines,
1239,tr51,わざレコード５１,all-machines,
1240,tr52,わざレコード５２,all-machines,
1241,tr53,わざレコード５３,all-machines,
1242,tr54,わざレコード５４,all-machines,
1243,tr55,わざレコード５５,all-machines,
1244,tr56,わざレコード５６,all-machines,
1245,tr57,わざレコード５７,all-machines,
1246,tr58,わざレコード５８,all-machines,
1247,tr59,わざレコード５９,all-machines,
1248,tr60,わざレコード６０,all-machines,
1249,tr61,わざレコード６１,all-machines,
1250,tr62,わざレコード６２,all-machines,
1251,tr63,わざレコード６３,all-machines,
1252,tr64,わざレコード６４,all-machines,
1253,tr65,わざレコード６５,all-machines,
1254,tr66,わざレコード６６,all-machines,
1255,tr67,わざレコード６７,all-machines,
1256,tr68,わざレコード６８,all-machines,
1257,tr69,わざレコード６９,all-machines,
1258,tr70,わざレコード７０,all-machines,
1259,tr71,わざレコード７１,all-machines,
1260,tr72,わざレコード７２,all-machines,
1261,tr73,わざレコード７３,all-machines,
1262,tr74,わざレコード７４,all-machines,
1263,tr75,わざレコード７５,all-machines,
1264,tr76,わざレコード７６,all-machines,
1265,tr77,わざレコード７７,all-machines,
1266,tr78,わざレコード７８,all-machines,
1267,tr79,わざレコード７９,all-machines,
1268,tr80,わざレコード８０,all-machines,
1269,tr81,わざレコード８１,all-machines,
1270,tr82,わざレコード８２,all-machines,
1271,tr83,わざレコード８３,all-machines,
1272,tr84,わざレコード８４,all-machines,
1273,tr85,わざレコード８５,all-machines,
1274,tr86,わざレコード８６,all-machines,
1275,tr87,わざレコード８７,all-machines,
1276,tr88,わざレコード８８,all-machines,
1277,tr89,わざレコード８９,all-machines,
1278,tr90,わざレコード９０,all-machines,
1279,tr91,わざレコード９１,all-machines,
1280,tr92,わざレコード９２,all-machines,
1281,tr93,わざレコード９３,all-machines,
1282,tr94,わざレコード９４,all-machines,
1283,tr95,わざレコード９５,all-machines,
1284,tr96,わざレコード９６,all-machines,
1285,tr97,わざレコード９７,all-machines,
1286,tr98,わざレコード９８,all-machines,
1287,tr99,わざレコード９９,all-machines,
1288,tm00,わざマシン００,all-machines,
1289,lonely-mint,さみしがりミント,nature-mints,
1290,adamant-mint,いじっぱりミント,nature-mints,
1291,naughty-mint,やんちゃミント,nature-mints,
1292,brave-mint,ゆうかんミント,nature-mints,
1293,bold-mint,ずぶといミント,nature-mints,
1294,impish-mint,わんぱくミント,nature-mints,
1295,lax-mint,のうてんきミント,nature-mints,
1296,relaxed-mint,のんきミント,nature-mints,
1297,modest-mint,ひかえめミント,nature-mints,
1298,mild-mint,おっとりミント,nature-mints,
1299,rash-mint,うっかりやミント,nature-mints,
1300,quiet-mint,れいせいミント,nature-mints,
1301,calm-mint,おだやかミント,nature-mints,
1302,gentle-mint,おとなしいミント,nature-mints,
1303,careful-mint,しんちょうミント,nature-mints,
1304,sassy-mint,なまいきミント,nature-mints,
1305,timid-mint,おくびょうミント,nature-mints,
1306,hasty-mint,せっかちミント,nature-mints,
1307,jolly-mint,ようきミント,nature-mints,
1308,naive-mint,むじゃきミント,nature-mints,
1309,serious-mint,まじめミント,nature-mints,
1310,wishing-piece,ねがいのかたまり,collectibles,
1311,cracked-pot,われたポット,evolution,
1312,chipped-pot,かけたポット,evolution,
1313,hi-tech-earbuds,すごいみみせん,gameplay,
1314,fruit-bunch,フサパック,curry-ingredients,
1315,moomoo-cheese,モーモーチーズ,curry-ingredients,
1316,spice-mix,スパイスセット,curry-ingredients,
1317,fresh-cream,しんせんクリーム,curry-ingredients,
1318,packaged-curry,レトルトカレー,curry-ingredients,
1319,coconut-milk,ヤシのミルク,curry-ingredients,
1320,instant-noodles,レトルトめん,curry-ingredients,
1321,precooked-burger,レトルトバーグ,curry-ingredients,
1322,gigantamix,キョダイパウダー,curry-ingredients,
1323,wishing-chip,ねがいのかけら,unused,
1324,rotom-bike--water-mode,ロトムじてんしゃ,unused,
1325,catching-charm,ゆれないおまもり,gameplay,
1326,old-letter,ふるびたてがみ,plot-advancement,
1327,band-autograph,バンドのサイン,unused,
1328,sonias-book,ソニアのほん,plot-advancement,
1329,rotom-catalog,ロトムのカタログ,gameplay,
1330,dynamax-crystal-and458,★And458,dynamax-crystals,
1331,dynamax-crystal-and15,★And15,dynamax-crystals,
1332,dynamax-crystal-and337,★And337,dynamax-crystals,
1333,dynamax-crystal-and603,★And603,dynamax-crystals,
1334,dynamax-crystal-and390,★And390,dynamax-crystals,
1335,dynamax-crystal-sgr6879,★Sgr6879,dynamax-crystals,
1336,dynamax-crystal-sgr6859,★Sgr6859,dynamax-crystals,
1337,dynamax-crystal-sgr6913,★Sgr6913,dynamax-crystals,
1338,dynamax-crystal-sgr7348,★Sgr7348,dynamax-crystals,
1339,dynamax-crystal-sgr7121,★Sgr7121,dynamax-crystals,
1340,dynamax-crystal-sgr6746,★Sgr6746,dynamax-crystals,
1341,dynamax-crystal-sgr7194,★Sgr7194,dynamax-crystals,
1342,dynamax-crystal-sgr7337,★Sgr7337,dynamax-crystals,
1343,dynamax-crystal-sgr7343,★Sgr7343,dynamax-crystals,
1344,dynamax-crystal-sgr6812,★Sgr6812,dynamax-crystals,
1345,dynamax-crystal-sgr7116,★Sgr7116,dynamax-crystals,
1346,dynamax-crystal-sgr7264,★Sgr7264,dynamax-crystals,
1347,dynamax-crystal-sgr7597,★Sgr7597,dynamax-crystals,
1348,dynamax-crystal-del7882,★Del7882,dynamax-crystals,
1349,dynamax-crystal-del7906,★Del7906,dynamax-crystals,
1350,dynamax-crystal-del7852,★Del7852,dynamax-crystals,
1351,dynamax-crystal-psc596,★Psc596,dynamax-crystals,
1352,dynamax-crystal-psc361,★Psc361,dynamax-crystals,
1353,dynamax-crystal-psc510,★Psc510,dynamax-crystals,
1354,dynamax-crystal-psc437,★Psc437,dynamax-crystals,
1355,dynamax-crystal-psc8773,★Psc8773,dynamax-crystals,
1356,dynamax-crystal-lep1865,★Lep1865,dynamax-crystals,
1357,dynamax-crystal-lep1829,★Lep1829,dynamax-crystals,
1358,dynamax-crystal-boo5340,★Boo5340,dynamax-crystals,
1359,dynamax-crystal-boo5506,★Boo5506,dynamax-crystals,
1360,dynamax-crystal-boo5435,★Boo5435,dynamax-crystals,
1361,dynamax-crystal-boo5602,★Boo5602,dynamax-crystals,
1362,dynamax-crystal-boo5733,★Boo5733,dynamax-crystals,
1363,dynamax-crystal-boo5235,★Boo5235,dynamax-crystals,
1364,dynamax-crystal-boo5351,★Boo5351,dynamax-crystals,
1365,dynamax-crystal-hya3748,★Hya3748,dynamax-crystals,
1366,dynamax-crystal-hya3903,★Hya3903,dynamax-crystals,
1367,dynamax-crystal-hya3418,★Hya3418,dynamax-crystals,
1368,dynamax-crystal-hya3482,★Hya3482,dynamax-crystals,
1369,dynamax-crystal-hya3845,★Hya3845,dynamax-crystals,
1370,dynamax-crystal-eri1084,★Eri1084,dynamax-crystals,
1371,dynamax-crystal-eri472,★Eri472,dynamax-crystals,
1372,dynamax-crystal-eri1666,★Eri1666,dynamax-crystals,
1373,dynamax-crystal-eri897,★Eri897,dynamax-crystals,
1374,dynamax-crystal-eri1231,★Eri1231,dynamax-crystals,
1375,dynamax-crystal-eri874,★Eri874,dynamax-crystals,
1376,dynamax-crystal-eri1298,★Eri1298,dynamax-crystals,
1377,dynamax-crystal-eri1325,★Eri1325,dynamax-crystals,
1378,dynamax-crystal-eri984,★Eri984,dynamax-crystals,
1379,dynamax-crystal-eri1464,★Eri1464,dynamax-crystals,
1380,dynamax-crystal-eri1393,★Eri1393,dynamax-crystals,
1381,dynamax-crystal-eri850,★Eri850,dynamax-crystals,
1382,dynamax-crystal-tau1409,★Tau1409,dynamax-crystals,
1383,dynamax-crystal-tau1457,★Tau1457,dynamax-crystals,
1384,dynamax-crystal-tau1165,★Tau1165,dynamax-crystals,
1385,dynamax-crystal-tau1791,★Tau1791,dynamax-crystals,
1386,dynamax-crystal-tau1910,★Tau1910,dynamax-crystals,
1387,dynamax-crystal-tau1346,★Tau1346,dynamax-crystals,
1388,dynamax-crystal-tau1373,★Tau1373,dynamax-crystals,
1389,dynamax-crystal-tau1412,★Tau1412,dynamax-crystals,
1390,dynamax-crystal-cma2491,★CMa2491,dynamax-crystals,
1391,dynamax-crystal-cma2693,★CMa2693,dynamax-crystals,
1392,dynamax-crystal-cma2294,★CMa2294,dynamax-crystals,
1393,dynamax-crystal-cma2827,★CMa2827,dynamax-crystals,
1394,dynamax-crystal-cma2282,★CMa2282,dynamax-crystals,
1395,dynamax-crystal-cma2618,★CMa2618,dynamax-crystals,
1396,dynamax-crystal-cma2657,★CMa2657,dynamax-crystals,
1397,dynamax-crystal-cma2646,★CMa2646,dynamax-crystals,
1398,dynamax-crystal-uma4905,★UMa4905,dynamax-crystals,
1399,dynamax-crystal-uma4301,★UMa4301,dynamax-crystals,
1400,dynamax-crystal-uma5191,★UMa5191,dynamax-crystals,
1401,dynamax-crystal-uma5054,★UMa5054,dynamax-crystals,
1402,dynamax-crystal-uma4295,★UMa4295,dynamax-crystals,
1403,dynamax-crystal-uma4660,★UMa4660,dynamax-crystals,
1404,dynamax-crystal-uma4554,★UMa4554,dynamax-crystals,
1405,dynamax-crystal-uma4069,★UMa4069,dynamax-crystals,
1406,dynamax-crystal-uma3569,★UMa3569,dynamax-crystals,
1407,dynamax-crystal-uma3323,★UMa3323,dynamax-crystals,
1408,dynamax-crystal-uma4033,★UMa4033,dynamax-crystals,
1409,dynamax-crystal-uma4377,★UMa4377,dynamax-crystals,
1410,dynamax-crystal-uma4375,★UMa4375,dynamax-crystals,
1411,dynamax-crystal-uma4518,★UMa4518,dynamax-crystals,
1412,dynamax-crystal-uma3594,★UMa3594,dynamax-crystals,
1413,dynamax-crystal-vir5056,★Vir5056,dynamax-crystals,
1414,dynamax-crystal-vir4825,★Vir4825,dynamax-crystals,
1415,dynamax-crystal-vir4932,★Vir4932,dynamax-crystals,
1416,dynamax-crystal-vir4540,★Vir4540,dynamax-crystals,
1417,dynamax-crystal-vir4689,★Vir4689,dynamax-crystals,
1418,dynamax-crystal-vir5338,★Vir5338,dynamax-crystals,
1419,dynamax-crystal-vir4910,★Vir4910,dynamax-crystals,
1420,dynamax-crystal-vir5315,★Vir5315,dynamax-crystals,
1421,dynamax-crystal-vir5359,★Vir5359,dynamax-crystals,
1422,dynamax-crystal-vir5409,★Vir5409,dynamax-crystals,
1423,dynamax-crystal-vir5107,★Vir5107,dynamax-crystals,
1424,dynamax-crystal-ari617,★Ari617,dynamax-crystals,
1425,dynamax-crystal-ari553,★Ari553,dynamax-crystals,
1426,dynamax-crystal-ari546,★Ari546,dynamax-crystals,
1427,dynamax-crystal-ari951,★Ari951,dynamax-crystals,
1428,dynamax-crystal-ori1713,★Ori1713,dynamax-crystals,
1429,dynamax-crystal-ori2061,★Ori2061,dynamax-crystals,
1430,dynamax-crystal-ori1790,★Ori1790,dynamax-crystals,
1431,dynamax-crystal-ori1903,★Ori1903,dynamax-crystals,
1432,dynamax-crystal-ori1948,★Ori1948,dynamax-crystals,
1433,dynamax-crystal-ori2004,★Ori2004,dynamax-crystals,
1434,dynamax-crystal-ori1852,★Ori1852,dynamax-crystals,
1435,dynamax-crystal-ori1879,★Ori1879,dynamax-crystals,
1436,dynamax-crystal-ori1899,★Ori1899,dynamax-crystals,
1437,dynamax-crystal-ori1543,★Ori1543,dynamax-crystals,
1438,dynamax-crystal-cas21,★Cas21,dynamax-crystals,
1439,dynamax-crystal-cas168,★Cas168,dynamax-crystals,
1440,dynamax-crystal-cas403,★Cas403,dynamax-crystals,
1441,dynamax-crystal-cas153,★Cas153,dynamax-crystals,
1442,dynamax-crystal-cas542,★Cas542,dynamax-crystals,
1443,dynamax-crystal-cas219,★Cas219,dynamax-crystals,
1444,dynamax-crystal-cas265,★Cas265,dynamax-crystals,
1445,dynamax-crystal-cnc3572,★Cnc3572,dynamax-crystals,
1446,dynamax-crystal-cnc3208,★Cnc3208,dynamax-crystals,
1447,dynamax-crystal-cnc3461,★Cnc3461,dynamax-crystals,
1448,dynamax-crystal-cnc3449,★Cnc3449,dynamax-crystals,
1449,dynamax-crystal-cnc3429,★Cnc3429,dynamax-crystals,
1450,dynamax-crystal-cnc3627,★Cnc3627,dynamax-crystals,
1451,dynamax-crystal-cnc3268,★Cnc3268,dynamax-crystals,
1452,dynamax-crystal-cnc3249,★Cnc3249,dynamax-crystals,
1453,dynamax-crystal-com4968,★Com4968,dynamax-crystals,
1454,dynamax-crystal-crv4757,★Crv4757,dynamax-crystals,
1455,dynamax-crystal-crv4623,★Crv4623,dynamax-crystals,
1456,dynamax-crystal-crv4662,★Crv4662,dynamax-crystals,
1457,dynamax-crystal-crv4786,★Crv4786,dynamax-crystals,
1458,dynamax-crystal-aur1708,★Aur1708,dynamax-crystals,
1459,dynamax-crystal-aur2088,★Aur2088,dynamax-crystals,
1460,dynamax-crystal-aur1605,★Aur1605,dynamax-crystals,
1461,dynamax-crystal-aur2095,★Aur2095,dynamax-crystals,
1462,dynamax-crystal-aur1577,★Aur1577,dynamax-crystals,
1463,dynamax-crystal-aur1641,★Aur1641,dynamax-crystals,
1464,dynamax-crystal-aur1612,★Aur1612,dynamax-crystals,
1465,dynamax-crystal-pav7790,★Pav7790,dynamax-crystals,
1466,dynamax-crystal-cet911,★Cet911,dynamax-crystals,
1467,dynamax-crystal-cet681,★Cet681,dynamax-crystals,
1468,dynamax-crystal-cet188,★Cet188,dynamax-crystals,
1469,dynamax-crystal-cet539,★Cet539,dynamax-crystals,
1470,dynamax-crystal-cet804,★Cet804,dynamax-crystals,
1471,dynamax-crystal-cep8974,★Cep8974,dynamax-crystals,
1472,dynamax-crystal-cep8162,★Cep8162,dynamax-crystals,
1473,dynamax-crystal-cep8238,★Cep8238,dynamax-crystals,
1474,dynamax-crystal-cep8417,★Cep8417,dynamax-crystals,
1475,dynamax-crystal-cen5267,★Cen5267,dynamax-crystals,
1476,dynamax-crystal-cen5288,★Cen5288,dynamax-crystals,
1477,dynamax-crystal-cen551,★Cen551,dynamax-crystals,
1478,dynamax-crystal-cen5459,★Cen5459,dynamax-crystals,
1479,dynamax-crystal-cen5460,★Cen5460,dynamax-crystals,
1480,dynamax-crystal-cmi2943,★CMi2943,dynamax-crystals,
1481,dynamax-crystal-cmi2845,★CMi2845,dynamax-crystals,
1482,dynamax-crystal-equ8131,★Equ8131,dynamax-crystals,
1483,dynamax-crystal-vul7405,★Vul7405,dynamax-crystals,
1484,dynamax-crystal-umi424,★UMi424,dynamax-crystals,
1485,dynamax-crystal-umi5563,★UMi5563,dynamax-crystals,
1486,dynamax-crystal-umi5735,★UMi5735,dynamax-crystals,
1487,dynamax-crystal-umi6789,★UMi6789,dynamax-crystals,
1488,dynamax-crystal-crt4287,★Crt4287,dynamax-crystals,
1489,dynamax-crystal-lyr7001,★Lyr7001,dynamax-crystals,
1490,dynamax-crystal-lyr7178,★Lyr7178,dynamax-crystals,
1491,dynamax-crystal-lyr7106,★Lyr7106,dynamax-crystals,
1492,dynamax-crystal-lyr7298,★Lyr7298,dynamax-crystals,
1493,dynamax-crystal-ara6585,★Ara6585,dynamax-crystals,
1494,dynamax-crystal-sco6134,★Sco6134,dynamax-crystals,
1495,dynamax-crystal-sco6527,★Sco6527,dynamax-crystals,
1496,dynamax-crystal-sco6553,★Sco6553,dynamax-crystals,
1497,dynamax-crystal-sco5953,★Sco5953,dynamax-crystals,
1498,dynamax-crystal-sco5984,★Sco5984,dynamax-crystals,
1499,dynamax-crystal-sco6508,★Sco6508,dynamax-crystals,
1500,dynamax-crystal-sco6084,★Sco6084,dynamax-crystals,
1501,dynamax-crystal-sco5944,★Sco5944,dynamax-crystals,
1502,dynamax-crystal-sco6630,★Sco6630,dynamax-crystals,
1503,dynamax-crystal-sco6027,★Sco6027,dynamax-crystals,
1504,dynamax-crystal-sco6247,★Sco6247,dynamax-crystals,
1505,dynamax-crystal-sco6252,★Sco6252,dynamax-crystals,
1506,dynamax-crystal-sco5928,★Sco5928,dynamax-crystals,
1507,dynamax-crystal-sco6241,★Sco6241,dynamax-crystals,
1508,dynamax-crystal-sco6165,★Sco6165,dynamax-crystals,
1509,dynamax-crystal-tri544,★Tri544,dynamax-crystals,
1510,dynamax-crystal-leo3982,★Leo3982,dynamax-crystals,
1511,dynamax-crystal-leo4534,★Leo4534,dynamax-crystals,
1512,dynamax-crystal-leo4357,★Leo4357,dynamax-crystals,
1513,dynamax-crystal-leo4057,★Leo4057,dynamax-crystals,
1514,dynamax-crystal-leo4359,★Leo4359,dynamax-crystals,
1515,dynamax-crystal-leo4031,★Leo4031,dynamax-crystals,
1516,dynamax-crystal-leo3852,★Leo3852,dynamax-crystals,
1517,dynamax-crystal-leo3905,★Leo3905,dynamax-crystals,
1518,dynamax-crystal-leo3773,★Leo3773,dynamax-crystals,
1519,dynamax-crystal-gru8425,★Gru8425,dynamax-crystals,
1520,dynamax-crystal-gru8636,★Gru8636,dynamax-crystals,
1521,dynamax-crystal-gru8353,★Gru8353,dynamax-crystals,
1522,dynamax-crystal-lib5685,★Lib5685,dynamax-crystals,
1523,dynamax-crystal-lib5531,★Lib5531,dynamax-crystals,
1524,dynamax-crystal-lib5787,★Lib5787,dynamax-crystals,
1525,dynamax-crystal-lib5603,★Lib5603,dynamax-crystals,
1526,dynamax-crystal-pup3165,★Pup3165,dynamax-crystals,
1527,dynamax-crystal-pup3185,★Pup3185,dynamax-crystals,
1528,dynamax-crystal-pup3045,★Pup3045,dynamax-crystals,
1529,dynamax-crystal-cyg7924,★Cyg7924,dynamax-crystals,
1530,dynamax-crystal-cyg7417,★Cyg7417,dynamax-crystals,
1531,dynamax-crystal-cyg7796,★Cyg7796,dynamax-crystals,
1532,dynamax-crystal-cyg8301,★Cyg8301,dynamax-crystals,
1533,dynamax-crystal-cyg7949,★Cyg7949,dynamax-crystals,
1534,dynamax-crystal-cyg7528,★Cyg7528,dynamax-crystals,
1535,dynamax-crystal-oct7228,★Oct7228,dynamax-crystals,
1536,dynamax-crystal-col1956,★Col1956,dynamax-crystals,
1537,dynamax-crystal-col2040,★Col2040,dynamax-crystals,
1538,dynamax-crystal-col2177,★Col2177,dynamax-crystals,
1539,dynamax-crystal-gem2990,★Gem2990,dynamax-crystals,
1540,dynamax-crystal-gem2891,★Gem2891,dynamax-crystals,
1541,dynamax-crystal-gem2421,★Gem2421,dynamax-crystals,
1542,dynamax-crystal-gem2473,★Gem2473,dynamax-crystals,
1543,dynamax-crystal-gem2216,★Gem2216,dynamax-crystals,
1544,dynamax-crystal-gem2777,★Gem2777,dynamax-crystals,
1545,dynamax-crystal-gem2650,★Gem2650,dynamax-crystals,
1546,dynamax-crystal-gem2286,★Gem2286,dynamax-crystals,
1547,dynamax-crystal-gem2484,★Gem2484,dynamax-crystals,
1548,dynamax-crystal-gem2930,★Gem2930,dynamax-crystals,
1549,dynamax-crystal-peg8775,★Peg8775,dynamax-crystals,
1550,dynamax-crystal-peg8781,★Peg8781,dynamax-crystals,
1551,dynamax-crystal-peg39,★Peg39,dynamax-crystals,
1552,dynamax-crystal-peg8308,★Peg8308,dynamax-crystals,
1553,dynamax-crystal-peg8650,★Peg8650,dynamax-crystals,
1554,dynamax-crystal-peg8634,★Peg8634,dynamax-crystals,
1555,dynamax-crystal-peg8684,★Peg8684,dynamax-crystals,
1556,dynamax-crystal-peg8450,★Peg8450,dynamax-crystals,
1557,dynamax-crystal-peg8880,★Peg8880,dynamax-crystals,
1558,dynamax-crystal-peg8905,★Peg8905,dynamax-crystals,
1559,dynamax-crystal-oph6556,★Oph6556,dynamax-crystals,
1560,dynamax-crystal-oph6378,★Oph6378,dynamax-crystals,
1561,dynamax-crystal-oph6603,★Oph6603,dynamax-crystals,
1562,dynamax-crystal-oph6149,★Oph6149,dynamax-crystals,
1563,dynamax-crystal-oph6056,★Oph6056,dynamax-crystals,
1564,dynamax-crystal-oph6075,★Oph6075,dynamax-crystals,
1565,dynamax-crystal-ser5854,★Ser5854,dynamax-crystals,
1566,dynamax-crystal-ser7141,★Ser7141,dynamax-crystals,
1567,dynamax-crystal-ser5879,★Ser5879,dynamax-crystals,
1568,dynamax-crystal-her6406,★Her6406,dynamax-crystals,
1569,dynamax-crystal-her6148,★Her6148,dynamax-crystals,
1570,dynamax-crystal-her6410,★Her6410,dynamax-crystals,
1571,dynamax-crystal-her6526,★Her6526,dynamax-crystals,
1572,dynamax-crystal-her6117,★Her6117,dynamax-crystals,
1573,dynamax-crystal-her6008,★Her6008,dynamax-crystals,
1574,dynamax-crystal-per936,★Per936,dynamax-crystals,
1575,dynamax-crystal-per1017,★Per1017,dynamax-crystals,
1576,dynamax-crystal-per1131,★Per1131,dynamax-crystals,
1577,dynamax-crystal-per1228,★Per1228,dynamax-crystals,
1578,dynamax-crystal-per834,★Per834,dynamax-crystals,
1579,dynamax-crystal-per941,★Per941,dynamax-crystals,
1580,dynamax-crystal-phe99,★Phe99,dynamax-crystals,
1581,dynamax-crystal-phe338,★Phe338,dynamax-crystals,
1582,dynamax-crystal-vel3634,★Vel3634,dynamax-crystals,
1583,dynamax-crystal-vel3485,★Vel3485,dynamax-crystals,
1584,dynamax-crystal-vel3734,★Vel3734,dynamax-crystals,
1585,dynamax-crystal-aqr8232,★Aqr8232,dynamax-crystals,
1586,dynamax-crystal-aqr8414,★Aqr8414,dynamax-crystals,
1587,dynamax-crystal-aqr8709,★Aqr8709,dynamax-crystals,
1588,dynamax-crystal-aqr8518,★Aqr8518,dynamax-crystals,
1589,dynamax-crystal-aqr7950,★Aqr7950,dynamax-crystals,
1590,dynamax-crystal-aqr8499,★Aqr8499,dynamax-crystals,
1591,dynamax-crystal-aqr8610,★Aqr8610,dynamax-crystals,
1592,dynamax-crystal-aqr8264,★Aqr8264,dynamax-crystals,
1593,dynamax-crystal-cru4853,★Cru4853,dynamax-crystals,
1594,dynamax-crystal-cru4730,★Cru4730,dynamax-crystals,
1595,dynamax-crystal-cru4763,★Cru4763,dynamax-crystals,
1596,dynamax-crystal-cru4700,★Cru4700,dynamax-crystals,
1597,dynamax-crystal-cru4656,★Cru4656,dynamax-crystals,
1598,dynamax-crystal-psa8728,★PsA8728,dynamax-crystals,
1599,dynamax-crystal-tra6217,★TrA6217,dynamax-crystals,
1600,dynamax-crystal-cap7776,★Cap7776,dynamax-crystals,
1601,dynamax-crystal-cap7754,★Cap7754,dynamax-crystals,
1602,dynamax-crystal-cap8278,★Cap8278,dynamax-crystals,
1603,dynamax-crystal-cap8322,★Cap8322,dynamax-crystals,
1604,dynamax-crystal-cap7773,★Cap7773,dynamax-crystals,
1605,dynamax-crystal-sge7479,★Sge7479,dynamax-crystals,
1606,dynamax-crystal-car2326,★Car2326,dynamax-crystals,
1607,dynamax-crystal-car3685,★Car3685,dynamax-crystals,
1608,dynamax-crystal-car3307,★Car3307,dynamax-crystals,
1609,dynamax-crystal-car3699,★Car3699,dynamax-crystals,
1610,dynamax-crystal-dra5744,★Dra5744,dynamax-crystals,
1611,dynamax-crystal-dra5291,★Dra5291,dynamax-crystals,
1612,dynamax-crystal-dra6705,★Dra6705,dynamax-crystals,
1613,dynamax-crystal-dra6536,★Dra6536,dynamax-crystals,
1614,dynamax-crystal-dra7310,★Dra7310,dynamax-crystals,
1615,dynamax-crystal-dra6688,★Dra6688,dynamax-crystals,
1616,dynamax-crystal-dra4434,★Dra4434,dynamax-crystals,
1617,dynamax-crystal-dra6370,★Dra6370,dynamax-crystals,
1618,dynamax-crystal-dra7462,★Dra7462,dynamax-crystals,
1619,dynamax-crystal-dra6396,★Dra6396,dynamax-crystals,
1620,dynamax-crystal-dra6132,★Dra6132,dynamax-crystals,
1621,dynamax-crystal-dra6636,★Dra6636,dynamax-crystals,
1622,dynamax-crystal-cvn4915,★CVn4915,dynamax-crystals,
1623,dynamax-crystal-cvn4785,★CVn4785,dynamax-crystals,
1624,dynamax-crystal-cvn4846,★CVn4846,dynamax-crystals,
1625,dynamax-crystal-aql7595,★Aql7595,dynamax-crystals,
1626,dynamax-crystal-aql7557,★Aql7557,dynamax-crystals,
1627,dynamax-crystal-aql7525,★Aql7525,dynamax-crystals,
1628,dynamax-crystal-aql7602,★Aql7602,dynamax-crystals,
1629,dynamax-crystal-aql7235,★Aql7235,dynamax-crystals,
1630,max-honey,ダイミツ,revival,
1631,max-mushrooms,ダイキノコ,stat-boosts,
1632,galarica-twig,ガラナツのえだ,collectibles,
1633,galarica-cuff,ガラナツブレス,collectibles,
1634,style-card,おしゃれカード,gameplay,
1635,armor-pass,ヨロイパス,plot-advancement,
1636,rotom-bike--sparkling-white,ロトムじてんしゃ,unused,
1637,rotom-bike--glistening-black,ロトムじてんしゃ,unused,
1638,exp-charm,けいけんおまもり,gameplay,
1639,armorite-ore,ヨロイこうせき,collectibles,
1640,mark-charm,あかしのおまもり,gameplay,
1641,reins-of-unity--merge,キズナのタヅナ,unused,
1642,reins-of-unity--split,キズナのタヅナ,unused,
1643,galarica-wreath,ガラナツリース,collectibles,
1644,legendary-clue-1,でんせつのメモ１,plot-advancement,
1645,legendary-clue-2,でんせつのメモ２,plot-advancement,
1646,legendary-clue-3,でんせつのメモ３,plot-advancement,
1647,legendary-clue-question,でんせつのメモ？,plot-advancement,
1648,crown-pass,カンムリパス,plot-advancement,
1649,wooden-crown,きぼりのかんむり,plot-advancement,
1650,radiant-petal,かがやくはなびら,plot-advancement,
1651,white-mane-hair,しろいたてがみ,plot-advancement,
1652,black-mane-hair,くろいたてがみ,plot-advancement,
1653,iceroot-carrot,つめたいにんじん,plot-advancement,
1654,shaderoot-carrot,くろいにんじん,plot-advancement,
1655,dynite-ore,マックスこうせき,collectibles,
1656,carrot-seeds,にんじんのタネ,plot-advancement,
1657,ability-patch,とくせいパッチ,vitamins,
1658,reins-of-unity,キズナのタヅナ,plot-advancement,
1659,adamant-crystal,だいこんごうだま,gameplay,
1660,lustrous-globe,だいしらたま,gameplay,
1661,griseous-core,だいはっきんだま,gameplay,
1662,blank-plate,まっさらプレート,plates,
1663,strange-ball,ストレンジボール,event-items,
1664,legend-plate,レジェンドプレート,plates,
1665,rotom-phone,スマホロトム,event-items,
1666,sandwich,サンドウィッチ,event-items,
1667,koraidon’s-poké-ball,コライドンのボール,event-items,
1668,miraidon’s-poké-ball,ミライドンのボール,event-items,
1669,tera-orb,テラスタルオーブ,event-items,
1670,scarlet-book,スカーレットブック,event-items,
1671,violet-book,バイオレットブック,event-items,
1672,kofu’s-wallet,ハイダイのサイフ,plot-advancement,
1673,tiny-bamboo-shoot,ちいさなタケノコ,loot,
1674,big-bamboo-shoot,おおきなタケノコ,loot,
1675,scroll-of-darkness,あくのかけじく,gameplay,
1676,scroll-of-waters,みずのかけじく,gameplay,
1677,malicious-armor,ノロイノヨロイ,evolution,
1678,normal-tera-shard,テラピースノーマル,tera-shard,
1679,fire-tera-shard,テラピースほのお,tera-shard,
1680,water-tera-shard,テラピースみず,tera-shard,
1681,electric-tera-shard,テラピースでんき,tera-shard,
1682,grass-tera-shard,テラピースくさ,tera-shard,
1683,ice-tera-shard,テラピースこおり,tera-shard,
1684,fighting-tera-shard,テラピースかくとう,tera-shard,
1685,poison-tera-shard,テラピースどく,tera-shard,
1686,ground-tera-shard,テラピースじめん,tera-shard,
1687,flying-tera-shard,テラピースひこう,tera-shard,
1688,psychic-tera-shard,テラピースエスパー,tera-shard,
1689,bug-tera-shard,テラピースむし,tera-shard,
1690,rock-tera-shard,テラピースいわ,tera-shard,
1691,ghost-tera-shard,テラピースゴースト,tera-shard,
1692,dragon-tera-shard,テラピースドラゴン,tera-shard,
1693,dark-tera-shard,テラピースあく,tera-shard,
1694,steel-tera-shard,テラピースはがね,tera-shard,
1695,fairy-tera-shard,テラピースフェアリー,tera-shard,
1696,booster-energy,ブーストエナジー,held-items,
1697,ability-shield,とくせいガード,held-items,
1698,clear-amulet,クリアチャーム,held-items,
1699,mirror-herb,ものまねハーブ,held-items,
1700,punching-glove,パンチグローブ,held-items,
1701,covert-cloak,おんみつマント,held-items,
1702,loaded-dice,いかさまダイス,held-items,
1703,baguette,バケット,sandwich-ingredients,
1704,mayonnaise,マヨネーズ,sandwich-ingredients,
1705,ketchup,ケチャップ,sandwich-ingredients,
1706,mustard,マスタード,sandwich-ingredients,
1707,butter,バター,sandwich-ingredients,
1708,peanut-butter,ピーナッツバター,sandwich-ingredients,
1709,chili-sauce,チリソース,sandwich-ingredients,
1710,salt,ソルト,sandwich-ingredients,
1711,pepper,ペッパー,sandwich-ingredients,
1712,yogurt,ヨーグルト,sandwich-ingredients,
1713,whipped-cream,ホイップクリーム,sandwich-ingredients,
1714,cream-cheese,クリームチーズ,sandwich-ingredients,
1715,jam,ベリージャム,sandwich-ingredients,
1716,marmalade,マーマレード,sandwich-ingredients,
1717,olive-oil,オリーブオイル,sandwich-ingredients,
1718,vinegar,ビネガー,sandwich-ingredients,
1719,sweet-herba-mystica,ひでん：あまスパイス,sandwich-ingredients,
1720,salty-herba-mystica,ひでん：しおスパイス,sandwich-ingredients,
1721,sour-herba-mystica,ひでん：すぱスパイス,sandwich-ingredients,
1722,bitter-herba-mystica,ひでん：にがスパイス,sandwich-ingredients,
1723,spicy-herba-mystica,ひでん：からスパイス,sandwich-ingredients,
1724,lettuce,レタス,sandwich-ingredients,
1725,tomato,トマトスライス,sandwich-ingredients,
1726,cherry-tomatoes,カットミニトマト,sandwich-ingredients,
1727,cucumber,キュウリスライス,sandwich-ingredients,
1728,pickle,ピクルススライス,sandwich-ingredients,
1729,onion,たまねぎスライス,sandwich-ingredients,
1730,red-onion,アーリーレッド,sandwich-ingredients,
1731,green-bell-pepper,ピーマンスライス,sandwich-ingredients,
1732,red-bell-pepper,あかパプリカスライス,sandwich-ingredients,
1733,yellow-bell-pepper,きパプリカスライス,sandwich-ingredients,
1734,avocado,アボカド,sandwich-ingredients,
1735,bacon,やきベーコン,sandwich-ingredients,
1736,ham,ハムスライス,sandwich-ingredients,
1737,prosciutto,なまハム,sandwich-ingredients,
1738,chorizo,やきチョリソー,sandwich-ingredients,
1739,herbed-sausage,ハーブソーセージ,sandwich-ingredients,
1740,hamburger,ハンバーグ,sandwich-ingredients,
1741,klawf-stick,ガケガニスティック,sandwich-ingredients,
1742,smoked-fillet,スモークきりみ,sandwich-ingredients,
1743,fried-fillet,きりみフライ,sandwich-ingredients,
1744,egg,スライスエッグ,sandwich-ingredients,
1745,potato-tortilla,トルティージャ,sandwich-ingredients,
1746,tofu,トーフ,sandwich-ingredients,
1747,rice,ライス,sandwich-ingredients,
1748,noodles,ヌードル,sandwich-ingredients,
1749,potato-salad,ポテトサラダ,sandwich-ingredients,
1750,cheese,スライスチーズ,sandwich-ingredients,
1751,banana,バナナスライス,sandwich-ingredients,
1752,strawberry,いちごスライス,sandwich-ingredients,
1753,apple,わぎりリンゴ,sandwich-ingredients,
1754,kiwi,わぎりキウイ,sandwich-ingredients,
1755,pineapple,カットパイン,sandwich-ingredients,
1756,jalapeño,バラペーニョ,sandwich-ingredients,
1757,horseradish,ホースラディッシュ,sandwich-ingredients,
1758,curry-powder,カレーパウダー,sandwich-ingredients,
1759,wasabi,ワサビソース,sandwich-ingredients,
1760,watercress,クレソン,sandwich-ingredients,
1761,basil,バジル,sandwich-ingredients,
1762,venonat-fang,コンパンのキバ,tm-materials,
1763,diglett-dirt,ディグダのつち,tm-materials,
1764,meowth-fur,ニャースのけ,tm-materials,
1765,psyduck-down,コダックのうもう,tm-materials,
1766,mankey-fur,マンキーのけ,tm-materials,
1767,growlithe-fur,ガーディのけ,tm-materials,
1768,slowpoke-claw,ヤドンのツメ,tm-materials,
1769,magnemite-screw,コイルのねじ,tm-materials,
1770,grimer-toxin,ベトベターのどくそ,tm-materials,
1771,shellder-pearl,シェルダーのしんじゅ,tm-materials,
1772,gastly-gas,ゴースのガス,tm-materials,
1773,drowzee-fur,スリープのけ,tm-materials,
1774,voltorb-sparks,ビリリダマのでんき,tm-materials,
1775,scyther-claw,ストライクのツメ,tm-materials,
1776,tauros-hair,ケンタロスのけ,tm-materials,
1777,magikarp-scales,コイキングのウロコ,tm-materials,
1778,ditto-goo,メタモンのべたべた,tm-materials,
1779,eevee-fur,イーブイのけ,tm-materials,
1780,dratini-scales,ミニリュウのウロコ,tm-materials,
1781,pichu-fur,ピチューのけ,tm-materials,
1782,igglybuff-fluff,ププリンのけ,tm-materials,
1783,mareep-wool,メリープのけだま,tm-materials,
1784,hoppip-leaf,ハネッコのはっぱ,tm-materials,
1785,sunkern-leaf,ヒマナッツのはっぱ,tm-materials,
1786,murkrow-bauble,ヤミカラスのおたから,tm-materials,
1787,misdreavus-tears,ムウマのなみだ,tm-materials,
1788,girafarig-fur,キリンリキのけ,tm-materials,
1789,pineco-husk,クヌギダマのから,tm-materials,
1790,dunsparce-scales,ノコッチのウロコ,tm-materials,
1791,qwilfish-spines,ハリーセンのトゲ,tm-materials,
1792,heracross-claw,ヘラクロスのツメ,tm-materials,
1793,sneasel-claw,ニューラのツメ,tm-materials,
1794,teddiursa-claw,ヒメグマのツメ,tm-materials,
1795,delibird-parcel,デリバードのにもつ,tm-materials,
1796,houndour-fang,デルビルのキバ,tm-materials,
1797,phanpy-nail,ゴマゾウのツメ,tm-materials,
1798,stantler-hair,オドシシのけ,tm-materials,
1799,larvitar-claw,ヨーギラスのツメ,tm-materials,
1800,wingull-feather,キャモメのはね,tm-materials,
1801,ralts-dust,ラルトスのおとしもの,tm-materials,
1802,surskit-syrup,アメタマのミツ,tm-materials,
1803,shroomish-spores,キノココのほうし,tm-materials,
1804,slakoth-fur,ナマケロのけ,tm-materials,
1805,makuhita-sweat,マクノシタのあせ,tm-materials,
1806,azurill-fur,ルリリのけ,tm-materials,
1807,sableye-gem,ヤミラミのほうせき,tm-materials,
1808,meditite-sweat,アサナンのあせ,tm-materials,
1809,gulpin-mucus,ゴクリンのねんえき,tm-materials,
1810,numel-lava,ドンメルのようがん,tm-materials,
1811,torkoal-coal,コータスのせきたん,tm-materials,
1812,spoink-pearl,バネブーのしんじゅ,tm-materials,
1813,cacnea-needle,サボネアのトゲ,tm-materials,
1814,swablu-fluff,チルットのはね,tm-materials,
1815,zangoose-claw,ザングースのツメ,tm-materials,
1816,seviper-fang,ハブネークのキバ,tm-materials,
1817,barboach-slime,ドジョッチのねんえき,tm-materials,
1818,shuppet-scrap,カゲボウズのきれはし,tm-materials,
1819,tropius-leaf,トロピウスのはっぱ,tm-materials,
1820,snorunt-fur,ユキワラシのけ,tm-materials,
1821,luvdisc-scales,ラブカスのウロコ,tm-materials,
1822,bagon-scales,タツベイのウロコ,tm-materials,
1823,starly-feather,ムックルのはね,tm-materials,
1824,kricketot-shell,コロボーシのぬけがら,tm-materials,
1825,shinx-fang,コリンクのキバ,tm-materials,
1826,combee-honey,ミツハニーのミツ,tm-materials,
1827,pachirisu-fur,パチリスのけ,tm-materials,
1828,buizel-fur,ブイゼルのけ,tm-materials,
1829,shellos-mucus,カラナクシのねんえき,tm-materials,
1830,drifloon-gas,フワンテのガス,tm-materials,
1831,stunky-fur,スカンプーのけ,tm-materials,
1832,bronzor-fragment,ドーミラーのかけら,tm-materials,
1833,bonsly-tears,ウソハチのなみだ,tm-materials,
1834,happiny-dust,ピンプクのおとしもの,tm-materials,
1835,spiritomb-fragment,ミカルゲのかけら,tm-materials,
1836,gible-scales,フカマルのウロコ,tm-materials,
1837,riolu-fur,リオルのけ,tm-materials,
1838,hippopotas-sand,ヒポポタスのすな,tm-materials,
1839,croagunk-poison,グレッグルのどくそ,tm-materials,
1840,finneon-scales,ケイコウオのウロコ,tm-materials,
1841,snover-berries,ユキカブリのみ,tm-materials,
1842,rotom-sparks,ロトムのでんき,tm-materials,
1843,petilil-leaf,チュリネのはっぱ,tm-materials,
1844,basculin-fang,バスラオのキバ,tm-materials,
1845,sandile-claw,メグロコのツメ,tm-materials,
1846,zorua-fur,ゾロアのけ,tm-materials,
1847,gothita-eyelash,ゴチムのまつげ,tm-materials,
1848,deerling-hair,シキジカのけ,tm-materials,
1849,foongus-spores,タマゲタケのほうし,tm-materials,
1850,alomomola-mucus,ママンボウのねんえき,tm-materials,
1851,tynamo-slime,シビシラスのねんえき,tm-materials,
1852,axew-scales,キバゴのウロコ,tm-materials,
1853,cubchoo-fur,クマシュンのけ,tm-materials,
1854,cryogonal-ice,フリージオのこおり,tm-materials,
1855,pawniard-blade,コマタナのやいば,tm-materials,
1856,rufflet-feather,ワシボンのはね,tm-materials,
1857,deino-scales,モノズのウロコ,tm-materials,
1858,larvesta-fuzz,メラルバのけ,tm-materials,
1859,fletchling-feather,ヤヤコマのはね,tm-materials,
1860,scatterbug-powder,コフキムシのこな,tm-materials,
1861,litleo-tuft,シシコのたてがみ,tm-materials,
1862,flabébé-pollen,フラベベのかふん,tm-materials,
1863,skiddo-leaf,メェークルのはっぱ,tm-materials,
1864,skrelp-kelp,クズモーのもくず,tm-materials,
1865,clauncher-claw,ウデッポウのハサミ,tm-materials,
1866,hawlucha-down,ルチャブルのうもう,tm-materials,
1867,dedenne-fur,デデンネのけ,tm-materials,
1868,goomy-goo,ヌメラのねんえき,tm-materials,
1869,klefki-key,クレッフィのかぎ,tm-materials,
1870,bergmite-ice,カチコールのこおり,tm-materials,
1871,noibat-fur,オンバットのけ,tm-materials,
1872,yungoos-fur,ヤングースのけ,tm-materials,
1873,crabrawler-shell,マケンカニのから,tm-materials,
1874,oricorio-feather,オドリドリのはね,tm-materials,
1875,rockruff-rock,イワンコのいわ,tm-materials,
1876,mareanie-spike,ヒドイデのトゲ,tm-materials,
1877,mudbray-mud,ドロバンコのどろ,tm-materials,
1878,fomantis-leaf,カリキリのはっぱ,tm-materials,
1879,salandit-gas,ヤトウモリのガス,tm-materials,
1880,bounsweet-sweat,アマカジのあせ,tm-materials,
1881,oranguru-fur,ヤレユータンのけ,tm-materials,
1882,passimian-fur,ナゲツケサルのけ,tm-materials,
1883,sandygast-sand,スナバァのすな,tm-materials,
1884,komala-claw,ネッコアラのツメ,tm-materials,
1885,mimikyu-scrap,ミミッキュのきれはし,tm-materials,
1886,bruxish-tooth,ハギギシリのは,tm-materials,
1887,chewtle-claw,カムカメのツメ,tm-materials,
1888,skwovet-fur,ホシガリスのけ,tm-materials,
1889,arrokuda-scales,サシカマスのウロコ,tm-materials,
1890,rookidee-feather,ココガラのはね,tm-materials,
1891,toxel-sparks,エレズンのでんき,tm-materials,
1892,falinks-sweat,タイレーツのあせ,tm-materials,
1893,cufant-tarnish,ゾウドウのさび,tm-materials,
1894,rolycoly-coal,タンドンのせきたん,tm-materials,
1895,silicobra-sand,スナヘビのすな,tm-materials,
1896,indeedee-fur,イエッサンのけ,tm-materials,
1897,pincurchin-spines,バチンウニのはり,tm-materials,
1898,snom-thread,ユキハミのいと,tm-materials,
1899,impidimp-hair,ベロバーのけ,tm-materials,
1900,applin-juice,カジッチュのかじゅう,tm-materials,
1901,sinistea-chip,ヤバチャのかけら,tm-materials,
1902,hatenna-dust,ミブリムのおとしもの,tm-materials,
1903,stonjourner-stone,イシヘンジンのいわ,tm-materials,
1904,eiscue-down,コオリッポのうもう,tm-materials,
1905,dreepy-powder,ドラメシヤのこな,tm-materials,
1906,lechonk-hair,グルトンのけ,tm-materials,
1907,tarountula-thread,タマンチュラのいと,tm-materials,
1908,nymble-claw,マメバッタのツメ,tm-materials,
1909,rellor-mud,シガロコのどろ,tm-materials,
1910,greavard-wax,ボチのろう,tm-materials,
1911,flittle-down,ヒラヒナのうもう,tm-materials,
1912,wiglett-sand,ウミディグダのすな,tm-materials,
1913,dondozo-whisker,ヘイラッシャのヒゲ,tm-materials,
1914,veluza-fillet,ミガルーサのきりみ,tm-materials,
1915,finizen-mucus,ナミイルカのねんえき,tm-materials,
1916,smoliv-oil,ミニーブのオイル,tm-materials,
1917,capsakid-seed,カプサイジのたね,tm-materials,
1918,tadbulb-mucus,ズピカのねんえき,tm-materials,
1919,varoom-fume,ブロロンのガス,tm-materials,
1920,orthworm-tarnish,ミミズズのさび,tm-materials,
1921,tandemaus-fur,ワッカネズミのけ,tm-materials,
1922,cetoddle-grease,アルクジラのあぶら,tm-materials,
1923,frigibax-scales,セビエのウロコ,tm-materials,
1924,tatsugiri-scales,シャリタツのウロコ,tm-materials,
1925,cyclizar-scales,モトトカゲのウロコ,tm-materials,
1926,pawmi-fur,パモのけ,tm-materials,
1927,wattrel-feather,カイデンのはね,tm-materials,
1928,bombirdier-feather,オトシドリのはね,tm-materials,
1929,squawkabilly-feather,イキリンコのはね,tm-materials,
1930,flamigo-down,カラミンゴのうもう,tm-materials,
1931,klawf-claw,ガケガニのハサミ,tm-materials,
1932,nacli-salt,コジオのしお,tm-materials,
1933,glimmet-crystal,キラーメのけっしょう,tm-materials,
1934,shroodle-ink,シルシュルーのインク,tm-materials,
1935,fidough-fur,パピモッチのけ,tm-materials,
1936,maschiff-fang,オラチフのキバ,tm-materials,
1937,bramblin-twig,アノクサのえだ,tm-materials,
1938,gimmighoul-coin,コレクレーのコイン,tm-materials,
1939,tinkatink-hair,カヌチャンのけ,tm-materials,
1940,charcadet-soot,カルボウのすす,tm-materials,
1941,toedscool-flaps,ノノクラゲのヒラヒラ,tm-materials,
1942,wooper-slime,ウパーのねんえき,tm-materials,
1944,tm101,わざマシン１０１,all-machines,
1945,tm102,わざマシン１０２,all-machines,
1946,tm103,わざマシン１０３,all-machines,
1947,tm104,わざマシン１０４,all-machines,
1948,tm105,わざマシン１０５,all-machines,
1949,tm106,わざマシン１０６,all-machines,
1950,tm107,わざマシン１０７,all-machines,
1951,tm108,わざマシン１０８,all-machines,
1952,tm109,わざマシン１０９,all-machines,
1953,tm110,わざマシン１１０,all-machines,
1954,tm111,わざマシン１１１,all-machines,
1955,tm112,わざマシン１１２,all-machines,
1956,tm113,わざマシン１１３,all-machines,
1957,tm114,わざマシン１１４,all-machines,
1958,tm115,わざマシン１１５,all-machines,
1959,tm116,わざマシン１１６,all-machines,
1960,tm117,わざマシン１１７,all-machines,
1961,tm118,わざマシン１１８,all-machines,
1962,tm119,わざマシン１１９,all-machines,
1963,tm120,わざマシン１２０,all-machines,
1964,tm121,わざマシン１２１,all-machines,
1965,tm122,わざマシン１２２,all-machines,
1966,tm123,わざマシン１２３,all-machines,
1967,tm124,わざマシン１２４,all-machines,
1968,tm125,わざマシン１２５,all-machines,
1969,tm126,わざマシン１２６,all-machines,
1970,tm127,わざマシン１２７,all-machines,
1971,tm128,わざマシン１２８,all-machines,
1972,tm129,わざマシン１２９,all-machines,
1973,tm130,わざマシン１３０,all-machines,
1974,tm131,わざマシン１３１,all-machines,
1975,tm132,わざマシン１３２,all-machines,
1976,tm133,わざマシン１３３,all-machines,
1977,tm134,わざマシン１３４,all-machines,
1978,tm135,わざマシン１３５,all-machines,
1979,tm136,わざマシン１３６,all-machines,
1980,tm137,わざマシン１３７,all-machines,
1981,tm138,わざマシン１３８,all-machines,
1982,tm139,わざマシン１３９,all-machines,
1983,tm140,わざマシン１４０,all-machines,
1984,tm141,わざマシン１４１,all-machines,
1985,tm142,わざマシン１４２,all-machines,
1986,tm143,わざマシン１４３,all-machines,
1987,tm144,わざマシン１４４,all-machines,
1988,tm145,わざマシン１４５,all-machines,
1989,tm146,わざマシン１４６,all-machines,
1990,tm147,わざマシン１４７,all-machines,
1991,tm148,わざマシン１４８,all-machines,
1992,tm149,わざマシン１４９,all-machines,
1993,tm150,わざマシン１５０,all-machines,
1994,tm151,わざマシン１５１,all-machines,
1995,tm152,わざマシン１５２,all-machines,
1996,tm153,わざマシン１５３,all-machines,
1997,tm154,わざマシン１５４,all-machines,
1998,tm155,わざマシン１５５,all-machines,
1999,tm156,わざマシン１５６,all-machines,
2000,tm157,わざマシン１５７,all-machines,
2001,tm158,わざマシン１５８,all-machines,
2002,tm159,わざマシン１５９,all-machines,
2003,tm160,わざマシン１６０,all-machines,
2004,tm161,わざマシン１６１,all-machines,
2005,tm162,わざマシン１６２,all-machines,
2006,tm163,わざマシン１６３,all-machines,
2007,tm164,わざマシン１６４,all-machines,
2008,tm165,わざマシン１６５,all-machines,
2009,tm166,わざマシン１６６,all-machines,
2010,tm167,わざマシン１６７,all-machines,
2011,tm168,わざマシン１６８,all-machines,
2012,tm169,わざマシン１６９,all-machines,
2013,tm170,わざマシン１７０,all-machines,
2014,tm171,わざマシン１７１,all-machines,
2015,picnic-set,ピクニックセット,picnic,
2016,academy-bottle,スクールボトル,picnic,
2018,polka-dot-bottle,みずたまボトル,picnic,
2019,striped-bottle,ストライプボトル,picnic,
2020,diamond-bottle,ダイヤボトル,picnic,
2021,academy-cup,スクールカップ,picnic,
2023,striped-cup,たてストライプカップ,picnic,
2024,polka-dot-cup,みずたまカップ,picnic,
2025,flower-pattern-cup,フラワーカップ,picnic,
2026,academy-tablecloth,スクールクロス,picnic,
2028,whimsical-tablecloth,ファンシークロス,picnic,
2029,leafy-tablecloth,ネイチャークロス,picnic,
2030,spooky-tablecloth,うらめしクロス,picnic,
2031,academy-ball,スクールボール,picnic,
2033,marill-ball,マリルボール,picnic,
2034,yarn-ball,けいとボール,picnic,
2035,cyber-ball,ゲーミングボール,picnic,
2036,gold-pick,ゴールドピック,picnic,
2037,silver-pick,シルバーピック,picnic,
2038,red-flag-pick,あかいはたピック,picnic,
2039,blue-flag-pick,あおいはたピック,picnic,
2040,pika-pika-pick,ピカピカピック,picnic,
2041,winking-pika-pick,パチピカピック,picnic,
2042,vee-vee-pick,ブイブイピック,picnic,
2043,smiling-vee-pick,ニコブイピック,picnic,
2044,blue-poké-ball-pick,あおボールピック,picnic,
2045,auspicious-armor,イワイノヨロイ,picnic,
2046,leader’s-crest,かしらのしるし,picnic,
2047,pink-bottle,ピンクボトル,picnic,
2048,blue-bottle,ブルーボトル,picnic,
2049,yellow-bottle,イエローボトル,picnic,
2050,steel-bottle-(r),Rステンレスボトル,picnic,
2051,steel-bottle-(y),Yステンレスボトル,picnic,
